INSERT INTO Audio_Sounds
			(SoundID,	FileName,	LoadType)
VALUES		('SND_GM_AHA01',	'Take On Me',	'DynamicResident'),
					
			('SND_GM_ACDC01',	'Highway To Hell',	'DynamicResident'),
			('SND_GM_ACDC02',	'You Shook Me All Night Long',	'DynamicResident'),
					
			('SND_GM_AEROSMITH01',	'Dream On',	'DynamicResident'),
			('SND_GM_AEROSMITH02',	'Walk This Way',	'DynamicResident'),
					
			('SND_GM_ANIMALS01',	'The House Of The Rising Sun',	'DynamicResident'),
					
			('SND_GM_BAND01',	'I Shall Be Released',	'DynamicResident'),
					
			('SND_GM_BEACHBOYS01',	'Wouldnt It Be Nice',	'DynamicResident'),
					
			('SND_GM_BEATLES01',	'A Day In The Life',	'DynamicResident'),
			('SND_GM_BEATLES02',	'A Hard Days Night',	'DynamicResident'),
			('SND_GM_BEATLES03',	'Across The Universe',	'DynamicResident'),
			('SND_GM_BEATLES04',	'Because',	'DynamicResident'),
			('SND_GM_BEATLES05',	'Cant Buy Me Love',	'DynamicResident'),
			('SND_GM_BEATLES06',	'Come Together',	'DynamicResident'),
			('SND_GM_BEATLES07',	'Day Tripper',	'DynamicResident'),
			('SND_GM_BEATLES08',	'Dont Let Me Down',	'DynamicResident'),
			('SND_GM_BEATLES09',	'Eight Days A Week',	'DynamicResident'),
			('SND_GM_BEATLES10',	'Eleanor Rigby',	'DynamicResident'),
			('SND_GM_BEATLES11',	'The Fool On The Hill',	'DynamicResident'),
			('SND_GM_BEATLES12',	'Happiness Is A Warm Gun',	'DynamicResident'),
			('SND_GM_BEATLES13',	'Help',	'DynamicResident'),
			('SND_GM_BEATLES14',	'Helter Skelter',	'DynamicResident'),
			('SND_GM_BEATLES15',	'Here Comes The Sun',	'DynamicResident'),
			('SND_GM_BEATLES16',	'Hey Jude',	'DynamicResident'),
			('SND_GM_BEATLES17',	'I Want To Hold Your Hand',	'DynamicResident'),
			('SND_GM_BEATLES18',	'Ill Follow The Sun',	'DynamicResident'),
			('SND_GM_BEATLES19',	'Im in Love',	'DynamicResident'),
			('SND_GM_BEATLES20',	'In My Life',	'DynamicResident'),
			('SND_GM_BEATLES21',	'Let It Be',	'DynamicResident'),
			('SND_GM_BEATLES22',	'Lucy in The Sky with Diamonds',	'DynamicResident'),
			('SND_GM_BEATLES23',	'Octopus Garden',	'DynamicResident'),
			('SND_GM_BEATLES24',	'Penny Lane',	'DynamicResident'),
			('SND_GM_BEATLES25',	'Revolution',	'DynamicResident'),
			('SND_GM_BEATLES26',	'Savoy Truffle',	'DynamicResident'),
			('SND_GM_BEATLES27',	'Sgt Peppers Lonely Hearts Club Band',	'DynamicResident'),
			('SND_GM_BEATLES28',	'Beatles_Something',	'DynamicResident'),
			('SND_GM_BEATLES29',	'Strawberry Fields Forever',	'DynamicResident'),
			('SND_GM_BEATLES30',	'The Long And Winding Road',	'DynamicResident'),
			('SND_GM_BEATLES31',	'Ticket To Ride',	'DynamicResident'),
			('SND_GM_BEATLES32',	'Twist And Shout',	'DynamicResident'),
			('SND_GM_BEATLES33',	'While My Guitar Gently Weeps',	'DynamicResident'),
			('SND_GM_BEATLES34',	'Yesterday',	'DynamicResident'),
			('SND_GM_BEATLES35',	'Yellow Submarine',	'DynamicResident'),
					
			('SND_GM_BONJOVI01',	'Its My Life',	'DynamicResident'),
					
			('SND_GM_BOSTON01',	'More Than A Feeling',	'DynamicResident'),
			('SND_GM_BOSTON02',	'Peace Of Mind',	'DynamicResident'),
					
			('SND_GM_BUDDYHOLLY01',	'Everyday',	'DynamicResident'),
			('SND_GM_BUDDYHOLLY02',	'Peggy Sue',	'DynamicResident'),
			('SND_GM_BUDDYHOLLY03',	'Thatll Be The Day',	'DynamicResident'),
			('SND_GM_BUDDYHOLLY04',	'Words of Love',	'DynamicResident'),
					
			('SND_GM_CHORDETTES01',	'Lollipop',	'DynamicResident'),
			('SND_GM_CHORDETTES02',	'Mr Sandman',	'DynamicResident'),
					
			('SND_GM_CHUBBYCHECKER01',	'The Twist',	'DynamicResident'),
					
			('SND_GM_CHUCKBERRY01',	'Johnny B Goode',	'DynamicResident'),
					
			('SND_GM_CCR01',	'Fortunate Son',	'DynamicResident'),
					
			('SND_GM_DIONDIMUCCI01',	'Runaround Sue',	'DynamicResident'),
			('SND_GM_DIONDIMUCCI02',	'The Wanderer',	'DynamicResident'),
					
			('SND_GM_DONMCLEAN01',	'American Pie',	'DynamicResident'),
					
			('SND_GM_DOORS01',	'People Are Strange',	'DynamicResident'),
					
			('SND_GM_EAGLES01',	'Hotel California',	'DynamicResident'),
					
			('SND_GM_ELVISCOSTELLO01',	'Less Than Zero',	'DynamicResident'),
			('SND_GM_ELVISCOSTELLO02',	'Watching The Detectives',	'DynamicResident'),
					
			('SND_GM_ELVIS01',	'A Little Less Conversation',	'DynamicResident'),
			('SND_GM_ELVIS02',	'All Shook Up',	'DynamicResident'),
			('SND_GM_ELVIS03',	'Hound Dog',	'DynamicResident'),
			('SND_GM_ELVIS04',	'Jailhouse Rock',	'DynamicResident'),
					
			('SND_GM_EUROPE01',	'The Final Countdown',	'DynamicResident'),
					
			('SND_GM_FOGHAT01',	'Slow Ride',	'DynamicResident'),
					
			('SND_GM_FOOFIGHTERS01',	'Everlong',	'DynamicResident'),
					
			('SND_GM_FOURSEASONS01',	'Big Girls Dont Cry',	'DynamicResident'),
			('SND_GM_FOURSEASONS02',	'Big Man In Town',	'DynamicResident'),
			('SND_GM_FOURSEASONS03',	'Sherry',	'DynamicResident'),
			('SND_GM_FOURSEASONS04',	'Walk Like A Man',	'DynamicResident'),
					
			('SND_GM_GEORGEHARRISON01',	'All Things Must Pass',	'DynamicResident'),
			('SND_GM_GEORGEHARRISON02',	'Art of Dying',	'DynamicResident'),
			('SND_GM_GEORGEHARRISON03',	'Behind That Locked Door',	'DynamicResident'),
			('SND_GM_GEORGEHARRISON04',	'Beware of Darkness',	'DynamicResident'),
			('SND_GM_GEORGEHARRISON05',	'Brainwashed',	'DynamicResident'),
			('SND_GM_GEORGEHARRISON06',	'Hear Me Lord',	'DynamicResident'),
			('SND_GM_GEORGEHARRISON07',	'If Not For You',	'DynamicResident'),
			('SND_GM_GEORGEHARRISON08',	'Isnt It A Pity',	'DynamicResident'),
			('SND_GM_GEORGEHARRISON09',	'Life Itself',	'DynamicResident'),
			('SND_GM_GEORGEHARRISON10',	'My Sweet Lord',	'DynamicResident'),
					
			('SND_GM_HALLOATES01',	'You Make My Dreams',	'DynamicResident'),
					
			('SND_GM_HOLLIES01',	'Long Cool Woman',	'DynamicResident'),
					
			('SND_GM_JEFFBUCKLEY01',	'Hallelujah',	'DynamicResident'),
					
			('SND_GM_HENDRIX01',	'All Along The Watchtower',	'DynamicResident'),
			('SND_GM_HENDRIX02',	'Are You Experienced',	'DynamicResident'),
			('SND_GM_HENDRIX03',	'Astro Man',	'DynamicResident'),
			('SND_GM_HENDRIX04',	'Ezy Rider',	'DynamicResident'),
			('SND_GM_HENDRIX05',	'Hey Joe',	'DynamicResident'),
					
			('SND_GM_LENNON01',	'Give Peace A Chance',	'DynamicResident'),
			('SND_GM_LENNON02',	'Lennon_God',	'DynamicResident'),
			('SND_GM_LENNON03',	'Imagine',	'DynamicResident'),
			('SND_GM_LENNON04',	'Working Class Hero',	'DynamicResident'),
					
			('SND_GM_JOHNNYTILLOTSON01',	'Earth Angel',	'DynamicResident'),
					
			('SND_GM_JOURNEY01',	'Dont Stop Believin',	'DynamicResident'),
			('SND_GM_JOURNEY02',	'Open Arms',	'DynamicResident'),
					
			('SND_GM_JOYDIVISION01',	'Isolation',	'DynamicResident'),
			('SND_GM_JOYDIVISION02',	'Shadowplay',	'DynamicResident'),
					
			('SND_GM_KANSAS01',	'Carry On Wayward Son',	'DynamicResident'),
			('SND_GM_KANSAS02',	'Dust in the Wind',	'DynamicResident'),
					
			('SND_GM_ZEPPELIN01',	'Dyer Maker',	'DynamicResident'),
			('SND_GM_ZEPPELIN02',	'Heartbreaker',	'DynamicResident'),
			('SND_GM_ZEPPELIN03',	'Immigrant Song',	'DynamicResident'),
			('SND_GM_ZEPPELIN04',	'Kashmir',	'DynamicResident'),
			('SND_GM_ZEPPELIN05',	'Stairway To Heaven',	'DynamicResident'),
			('SND_GM_ZEPPELIN06',	'When the Levee Breaks',	'DynamicResident'),
					
			('SND_GM_LYNYRDSKYNRYD01',	'Free Bird',	'DynamicResident'),
			('SND_GM_LYNYRDSKYNRYD02',	'Simple Man',	'DynamicResident'),
					
			('SND_GM_MONKEES01',	'I Wanna Be Free',	'DynamicResident'),
			('SND_GM_MONKEES02',	'Im A Believer',	'DynamicResident'),
					
			('SND_GM_MUNGOJERRY01',	'In The Summertime',	'DynamicResident'),
					
			('SND_GM_NEILDIAMOND01',	'Sweet Caroline',	'DynamicResident'),
					
			('SND_GM_NIRVANA01',	'Come As You Are',	'DynamicResident'),
			('SND_GM_NIRVANA02',	'Heart Shaped Box',	'DynamicResident'),
			('SND_GM_NIRVANA03',	'Smells Like Teen Spirit',	'DynamicResident'),
			('SND_GM_NIRVANA04',	'Something In The Way',	'DynamicResident'),
					
			('SND_GM_NORMANGREENBAUM01',	'Spirit In The Sky',	'DynamicResident'),
					
			('SND_GM_OTISREDDING01',	'Sittin On The Dock Of The Bay',	'DynamicResident'),
					
			('SND_GM_MCCARTNEY01',	'Band On The Run',	'DynamicResident'),
			('SND_GM_MCCARTNEY02',	'Junk',	'DynamicResident'),
			('SND_GM_MCCARTNEY03',	'Live and Let Die',	'DynamicResident'),
			('SND_GM_MCCARTNEY04',	'Maybe Im Amazed',	'DynamicResident'),
			('SND_GM_MCCARTNEY05',	'Silly Love Songs',	'DynamicResident'),
					
			('SND_GM_PEARLJAM01',	'PearlJam_Black',	'DynamicResident'),
			('SND_GM_PEARLJAM02',	'Yellow Leadbetter',	'DynamicResident'),
					
			('SND_GM_PINKFLOYD01',	'Brain Damage',	'DynamicResident'),
			('SND_GM_PINKFLOYD02',	'PinkFloyd_Money',	'DynamicResident'),
			('SND_GM_PINKFLOYD03',	'PinkFloyd_Time',	'DynamicResident'),
			('SND_GM_PINKFLOYD04',	'Comfortably Numb',	'DynamicResident'),
			('SND_GM_PINKFLOYD05',	'Coming Back To Life',	'DynamicResident'),
			('SND_GM_PINKFLOYD06',	'Wish You Were Here',	'DynamicResident'),
			('SND_GM_PINKFLOYD07',	'Trial',	'DynamicResident'),
					
			('SND_GM_POLICE01',	'Roxanne',	'DynamicResident'),
					
			('SND_GM_QUEEN01',	'Another One Bites the Dust',	'DynamicResident'),
			('SND_GM_QUEEN02',	'Bicycle Race',	'DynamicResident'),
			('SND_GM_QUEEN03',	'Bohemian Rhapsody',	'DynamicResident'),
			('SND_GM_QUEEN04',	'Dont Stop Me Now',	'DynamicResident'),
			('SND_GM_QUEEN05',	'Fat Bottomed Girls',	'DynamicResident'),
			('SND_GM_QUEEN06',	'If You Cant Beat Them',	'DynamicResident'),
			('SND_GM_QUEEN07',	'Is This The World We Created',	'DynamicResident'),
			('SND_GM_QUEEN08',	'Killer Queen',	'DynamicResident'),
			('SND_GM_QUEEN09',	'Radio Ga Ga',	'DynamicResident'),
			('SND_GM_QUEEN10',	'Under Pressure',	'DynamicResident'),
			('SND_GM_QUEEN11',	'We Are The Champions',	'DynamicResident'),
			('SND_GM_QUEEN12',	'We Will Rock You',	'DynamicResident'),
			('SND_GM_QUEEN13',	'Youre My Best Friend',	'DynamicResident'),
					
			('SND_GM_RADIOHEAD01',	'Creep',	'DynamicResident'),
					
			('SND_GM_RITCHIEVALENS01',	'La Bamba',	'DynamicResident'),
			('SND_GM_RITCHIEVALENS02',	'We Belong Together',	'DynamicResident'),
					
			('SND_GM_ROLLINGSTONES01',	'I Cant Get No Satisfaction',	'DynamicResident'),
			('SND_GM_ROLLINGSTONES02',	'Beast of Burden',	'DynamicResident'),
			('SND_GM_ROLLINGSTONES03',	'Gimme Shelter',	'DynamicResident'),
			('SND_GM_ROLLINGSTONES04',	'Paint It Black',	'DynamicResident'),
			('SND_GM_ROLLINGSTONES05',	'Sympathy For the Devil',	'DynamicResident'),
			('SND_GM_ROLLINGSTONES06',	'You Cant Always Get What You Want',	'DynamicResident'),
					
			('SND_GM_ROYORBISON01',	'Pretty Woman',	'DynamicResident'),
					
			('SND_GM_RUSH01',	'By Tor And The Snow Dog',	'DynamicResident'),
			('SND_GM_RUSH02',	'Limelight',	'DynamicResident'),
			('SND_GM_RUSH03',	'Red Barchetta',	'DynamicResident'),
			('SND_GM_RUSH04',	'The Fountain of Lamneth I',	'DynamicResident'),
			('SND_GM_RUSH05',	'The Fountain of Lamneth II',	'DynamicResident'),
			('SND_GM_RUSH06',	'The Fountain of Lamneth III',	'DynamicResident'),
			('SND_GM_RUSH07',	'The Fountain of Lamneth IV',	'DynamicResident'),
			('SND_GM_RUSH08',	'The Fountain of Lamneth V',	'DynamicResident'),
			('SND_GM_RUSH09',	'The Fountain of Lamneth VI',	'DynamicResident'),
			('SND_GM_RUSH10',	'The Necromancer',	'DynamicResident'),
			('SND_GM_RUSH11',	'Tom Sawyer',	'DynamicResident'),
			('SND_GM_RUSH12',	'YYZ',	'DynamicResident'),
					
			('SND_GM_SCORPIONS01',	'Wind of Change',	'DynamicResident'),
					
			('SND_GM_SIMONGARFUNKEL01',	'Bridge Over Troubled Water',	'DynamicResident'),
			('SND_GM_SIMONGARFUNKEL02',	'Homeward Bound',	'DynamicResident'),
			('SND_GM_SIMONGARFUNKEL03',	'The Sounds of Silence',	'DynamicResident'),
					
			('SND_GM_SMASHINGPUMPKINS01',	'1979',	'DynamicResident'),
			('SND_GM_SMASHINGPUMPKINS03',	'Tonight Tonight',	'DynamicResident'),
					
			('SND_GM_SMITHS01',	'Asleep',	'DynamicResident'),
			('SND_GM_SMITHS02',	'How Soon Is Now',	'DynamicResident'),
			('SND_GM_SMITHS03',	'Is It Really So Strange',	'DynamicResident'),
			('SND_GM_SMITHS04',	'There Is A Light That Never Goes Out',	'DynamicResident'),
					
			('SND_GM_SOUNDGARDEN01',	'Black Hole Sun',	'DynamicResident'),
					
			('SND_GM_STEALERSWHEEL01',	'Stuck in The Middle With You',	'DynamicResident'),
					
			('SND_GM_TALBACHMAN01',	'Shes So High',	'DynamicResident'),
					
			('SND_GM_THINLIZZY01',	'Boys Are Back In Town',	'DynamicResident'),
			('SND_GM_THINLIZZY02',	'Jailbreak',	'DynamicResident'),
					
			('SND_GM_TOMPETTY01',	'Free Fallin',	'DynamicResident'),
			('SND_GM_TOMPETTY02',	'I Wont Back Down',	'DynamicResident'),
					
			('SND_GM_TOTO01',	'Africa',	'DynamicResident'),
					
			('SND_GM_VANMORRISON01',	'Brown Eyed Girl',	'DynamicResident'),
					
			('SND_GM_WHO01',	'Pinball Wizard',	'DynamicResident'),
					
			('SND_GM_ZOMBIES01',	'Summertime',	'DynamicResident'),
			('SND_GM_ZOMBIES02',	'Time of the Season',	'DynamicResident');
			
INSERT INTO Audio_2DSounds
			(ScriptID,	SoundID,	SoundType,	TaperSoundtrackVolume)
VALUES		('2D_AHA01',	'SND_GM_AHA01',	'GAME_MUSIC_STINGS',	'0.0'),
			
			('2D_ACDC01',	'SND_GM_ACDC01',	'GAME_MUSIC_STINGS',	'0.0'),
			('2D_ACDC02',	'SND_GM_ACDC02',	'GAME_MUSIC_STINGS',	'0.0'),
						
			('2D_AEROSMITH01',	'SND_GM_AEROSMITH01',	'GAME_MUSIC_STINGS',	'0.0'),
			('2D_AEROSMITH02',	'SND_GM_AEROSMITH02',	'GAME_MUSIC_STINGS',	'0.0'),
						
			('2D_ANIMALS01',	'SND_GM_ANIMALS01',	'GAME_MUSIC_STINGS',	'0.0'),
						
			('2D_BAND01',	'SND_GM_BAND01',	'GAME_MUSIC_STINGS',	'0.0'),
						
			('2D_BEACHBOYS01',	'SND_GM_BEACHBOYS01',	'GAME_MUSIC_STINGS',	'0.0'),
						
			('2D_BEATLES01',	'SND_GM_BEATLES01',	'GAME_MUSIC_STINGS',	'0.0'),
			('2D_BEATLES02',	'SND_GM_BEATLES02',	'GAME_MUSIC_STINGS',	'0.0'),
			('2D_BEATLES03',	'SND_GM_BEATLES03',	'GAME_MUSIC_STINGS',	'0.0'),
			('2D_BEATLES04',	'SND_GM_BEATLES04',	'GAME_MUSIC_STINGS',	'0.0'),
			('2D_BEATLES05',	'SND_GM_BEATLES05',	'GAME_MUSIC_STINGS',	'0.0'),
			('2D_BEATLES06',	'SND_GM_BEATLES06',	'GAME_MUSIC_STINGS',	'0.0'),
			('2D_BEATLES07',	'SND_GM_BEATLES07',	'GAME_MUSIC_STINGS',	'0.0'),
			('2D_BEATLES08',	'SND_GM_BEATLES08',	'GAME_MUSIC_STINGS',	'0.0'),
			('2D_BEATLES09',	'SND_GM_BEATLES09',	'GAME_MUSIC_STINGS',	'0.0'),
			('2D_BEATLES10',	'SND_GM_BEATLES10',	'GAME_MUSIC_STINGS',	'0.0'),
			('2D_BEATLES11',	'SND_GM_BEATLES11',	'GAME_MUSIC_STINGS',	'0.0'),
			('2D_BEATLES12',	'SND_GM_BEATLES12',	'GAME_MUSIC_STINGS',	'0.0'),
			('2D_BEATLES13',	'SND_GM_BEATLES13',	'GAME_MUSIC_STINGS',	'0.0'),
			('2D_BEATLES14',	'SND_GM_BEATLES14',	'GAME_MUSIC_STINGS',	'0.0'),
			('2D_BEATLES15',	'SND_GM_BEATLES15',	'GAME_MUSIC_STINGS',	'0.0'),
			('2D_BEATLES16',	'SND_GM_BEATLES16',	'GAME_MUSIC_STINGS',	'0.0'),
			('2D_BEATLES17',	'SND_GM_BEATLES17',	'GAME_MUSIC_STINGS',	'0.0'),
			('2D_BEATLES18',	'SND_GM_BEATLES18',	'GAME_MUSIC_STINGS',	'0.0'),
			('2D_BEATLES19',	'SND_GM_BEATLES19',	'GAME_MUSIC_STINGS',	'0.0'),
			('2D_BEATLES20',	'SND_GM_BEATLES20',	'GAME_MUSIC_STINGS',	'0.0'),
			('2D_BEATLES21',	'SND_GM_BEATLES21',	'GAME_MUSIC_STINGS',	'0.0'),
			('2D_BEATLES22',	'SND_GM_BEATLES22',	'GAME_MUSIC_STINGS',	'0.0'),
			('2D_BEATLES23',	'SND_GM_BEATLES23',	'GAME_MUSIC_STINGS',	'0.0'),
			('2D_BEATLES24',	'SND_GM_BEATLES24',	'GAME_MUSIC_STINGS',	'0.0'),
			('2D_BEATLES25',	'SND_GM_BEATLES25',	'GAME_MUSIC_STINGS',	'0.0'),
			('2D_BEATLES26',	'SND_GM_BEATLES26',	'GAME_MUSIC_STINGS',	'0.0'),
			('2D_BEATLES27',	'SND_GM_BEATLES27',	'GAME_MUSIC_STINGS',	'0.0'),
			('2D_BEATLES28',	'SND_GM_BEATLES28',	'GAME_MUSIC_STINGS',	'0.0'),
			('2D_BEATLES29',	'SND_GM_BEATLES29',	'GAME_MUSIC_STINGS',	'0.0'),
			('2D_BEATLES30',	'SND_GM_BEATLES30',	'GAME_MUSIC_STINGS',	'0.0'),
			('2D_BEATLES31',	'SND_GM_BEATLES31',	'GAME_MUSIC_STINGS',	'0.0'),
			('2D_BEATLES32',	'SND_GM_BEATLES32',	'GAME_MUSIC_STINGS',	'0.0'),
			('2D_BEATLES33',	'SND_GM_BEATLES33',	'GAME_MUSIC_STINGS',	'0.0'),
			('2D_BEATLES34',	'SND_GM_BEATLES34',	'GAME_MUSIC_STINGS',	'0.0'),
			('2D_BEATLES35',	'SND_GM_BEATLES35',	'GAME_MUSIC_STINGS',	'0.0'),
						
			('2D_BONJOVI01',	'SND_GM_BONJOVI01',	'GAME_MUSIC_STINGS',	'0.0'),
						
			('2D_BOSTON01',	'SND_GM_BOSTON01',	'GAME_MUSIC_STINGS',	'0.0'),
			('2D_BOSTON02',	'SND_GM_BOSTON02',	'GAME_MUSIC_STINGS',	'0.0'),
						
			('2D_BUDDYHOLLY01',	'SND_GM_BUDDYHOLLY01',	'GAME_MUSIC_STINGS',	'0.0'),
			('2D_BUDDYHOLLY02',	'SND_GM_BUDDYHOLLY02',	'GAME_MUSIC_STINGS',	'0.0'),
			('2D_BUDDYHOLLY03',	'SND_GM_BUDDYHOLLY03',	'GAME_MUSIC_STINGS',	'0.0'),
			('2D_BUDDYHOLLY04',	'SND_GM_BUDDYHOLLY04',	'GAME_MUSIC_STINGS',	'0.0'),
						
			('2D_CHORDETTES01',	'SND_GM_CHORDETTES01',	'GAME_MUSIC_STINGS',	'0.0'),
			('2D_CHORDETTES02',	'SND_GM_CHORDETTES02',	'GAME_MUSIC_STINGS',	'0.0'),
						
			('2D_CHUBBYCHECKER01',	'SND_GM_CHUBBYCHECKER01',	'GAME_MUSIC_STINGS',	'0.0'),
						
			('2D_CHUCKBERRY01',	'SND_GM_CHUCKBERRY01',	'GAME_MUSIC_STINGS',	'0.0'),
						
			('2D_CCR01',	'SND_GM_CCR01',	'GAME_MUSIC_STINGS',	'0.0'),
						
			('2D_DIONDIMUCCI01',	'SND_GM_DIONDIMUCCI01',	'GAME_MUSIC_STINGS',	'0.0'),
			('2D_DIONDIMUCCI02',	'SND_GM_DIONDIMUCCI02',	'GAME_MUSIC_STINGS',	'0.0'),
						
			('2D_DONMCLEAN01',	'SND_GM_DONMCLEAN01',	'GAME_MUSIC_STINGS',	'0.0'),
						
			('2D_DOORS01',	'SND_GM_DOORS01',	'GAME_MUSIC_STINGS',	'0.0'),
						
			('2D_EAGLES01',	'SND_GM_EAGLES01',	'GAME_MUSIC_STINGS',	'0.0'),
						
			('2D_ELVISCOSTELLO01',	'SND_GM_ELVISCOSTELLO01',	'GAME_MUSIC_STINGS',	'0.0'),
			('2D_ELVISCOSTELLO02',	'SND_GM_ELVISCOSTELLO02',	'GAME_MUSIC_STINGS',	'0.0'),
						
			('2D_ELVIS01',	'SND_GM_ELVIS01',	'GAME_MUSIC_STINGS',	'0.0'),
			('2D_ELVIS02',	'SND_GM_ELVIS02',	'GAME_MUSIC_STINGS',	'0.0'),
			('2D_ELVIS03',	'SND_GM_ELVIS03',	'GAME_MUSIC_STINGS',	'0.0'),
			('2D_ELVIS04',	'SND_GM_ELVIS04',	'GAME_MUSIC_STINGS',	'0.0'),
						
			('2D_EUROPE01',	'SND_GM_EUROPE01',	'GAME_MUSIC_STINGS',	'0.0'),
						
			('2D_FOGHAT01',	'SND_GM_FOGHAT01',	'GAME_MUSIC_STINGS',	'0.0'),
						
			('2D_FOOFIGHTERS01',	'SND_GM_FOOFIGHTERS01',	'GAME_MUSIC_STINGS',	'0.0'),
						
			('2D_FOURSEASONS01',	'SND_GM_FOURSEASONS01',	'GAME_MUSIC_STINGS',	'0.0'),
			('2D_FOURSEASONS02',	'SND_GM_FOURSEASONS02',	'GAME_MUSIC_STINGS',	'0.0'),
			('2D_FOURSEASONS03',	'SND_GM_FOURSEASONS03',	'GAME_MUSIC_STINGS',	'0.0'),
			('2D_FOURSEASONS04',	'SND_GM_FOURSEASONS04',	'GAME_MUSIC_STINGS',	'0.0'),
						
			('2D_GEORGEHARRISON01',	'SND_GM_GEORGEHARRISON01',	'GAME_MUSIC_STINGS',	'0.0'),
			('2D_GEORGEHARRISON02',	'SND_GM_GEORGEHARRISON02',	'GAME_MUSIC_STINGS',	'0.0'),
			('2D_GEORGEHARRISON03',	'SND_GM_GEORGEHARRISON03',	'GAME_MUSIC_STINGS',	'0.0'),
			('2D_GEORGEHARRISON04',	'SND_GM_GEORGEHARRISON04',	'GAME_MUSIC_STINGS',	'0.0'),
			('2D_GEORGEHARRISON05',	'SND_GM_GEORGEHARRISON05',	'GAME_MUSIC_STINGS',	'0.0'),
			('2D_GEORGEHARRISON06',	'SND_GM_GEORGEHARRISON06',	'GAME_MUSIC_STINGS',	'0.0'),
			('2D_GEORGEHARRISON07',	'SND_GM_GEORGEHARRISON07',	'GAME_MUSIC_STINGS',	'0.0'),
			('2D_GEORGEHARRISON08',	'SND_GM_GEORGEHARRISON08',	'GAME_MUSIC_STINGS',	'0.0'),
			('2D_GEORGEHARRISON09',	'SND_GM_GEORGEHARRISON09',	'GAME_MUSIC_STINGS',	'0.0'),
			('2D_GEORGEHARRISON10',	'SND_GM_GEORGEHARRISON10',	'GAME_MUSIC_STINGS',	'0.0'),
						
			('2D_HALLOATES01',	'SND_GM_HALLOATES01',	'GAME_MUSIC_STINGS',	'0.0'),
						
			('2D_HOLLIES01',	'SND_GM_HOLLIES01',	'GAME_MUSIC_STINGS',	'0.0'),
						
			('2D_JEFFBUCKLEY01',	'SND_GM_JEFFBUCKLEY01',	'GAME_MUSIC_STINGS',	'0.0'),
						
			('2D_HENDRIX01',	'SND_GM_HENDRIX01',	'GAME_MUSIC_STINGS',	'0.0'),
			('2D_HENDRIX02',	'SND_GM_HENDRIX02',	'GAME_MUSIC_STINGS',	'0.0'),
			('2D_HENDRIX03',	'SND_GM_HENDRIX03',	'GAME_MUSIC_STINGS',	'0.0'),
			('2D_HENDRIX04',	'SND_GM_HENDRIX04',	'GAME_MUSIC_STINGS',	'0.0'),
			('2D_HENDRIX05',	'SND_GM_HENDRIX05',	'GAME_MUSIC_STINGS',	'0.0'),
						
			('2D_LENNON01',	'SND_GM_LENNON01',	'GAME_MUSIC_STINGS',	'0.0'),
			('2D_LENNON02',	'SND_GM_LENNON02',	'GAME_MUSIC_STINGS',	'0.0'),
			('2D_LENNON03',	'SND_GM_LENNON03',	'GAME_MUSIC_STINGS',	'0.0'),
			('2D_LENNON04',	'SND_GM_LENNON04',	'GAME_MUSIC_STINGS',	'0.0'),
						
			('2D_JOHNNYTILLOTSON01',	'SND_GM_JOHNNYTILLOTSON01',	'GAME_MUSIC_STINGS',	'0.0'),
						
			('2D_JOURNEY01',	'SND_GM_JOURNEY01',	'GAME_MUSIC_STINGS',	'0.0'),
			('2D_JOURNEY02',	'SND_GM_JOURNEY02',	'GAME_MUSIC_STINGS',	'0.0'),
						
			('2D_JOYDIVISION01',	'SND_GM_JOYDIVISION01',	'GAME_MUSIC_STINGS',	'0.0'),
			('2D_JOYDIVISION02',	'SND_GM_JOYDIVISION02',	'GAME_MUSIC_STINGS',	'0.0'),
						
			('2D_KANSAS01',	'SND_GM_KANSAS01',	'GAME_MUSIC_STINGS',	'0.0'),
			('2D_KANSAS02',	'SND_GM_KANSAS02',	'GAME_MUSIC_STINGS',	'0.0'),
						
			('2D_ZEPPELIN01',	'SND_GM_ZEPPELIN01',	'GAME_MUSIC_STINGS',	'0.0'),
			('2D_ZEPPELIN02',	'SND_GM_ZEPPELIN02',	'GAME_MUSIC_STINGS',	'0.0'),
			('2D_ZEPPELIN03',	'SND_GM_ZEPPELIN03',	'GAME_MUSIC_STINGS',	'0.0'),
			('2D_ZEPPELIN04',	'SND_GM_ZEPPELIN04',	'GAME_MUSIC_STINGS',	'0.0'),
			('2D_ZEPPELIN05',	'SND_GM_ZEPPELIN05',	'GAME_MUSIC_STINGS',	'0.0'),
			('2D_ZEPPELIN06',	'SND_GM_ZEPPELIN06',	'GAME_MUSIC_STINGS',	'0.0'),
						
			('2D_LYNYRDSKYNRYD01',	'SND_GM_LYNYRDSKYNRYD01',	'GAME_MUSIC_STINGS',	'0.0'),
			('2D_LYNYRDSKYNRYD02',	'SND_GM_LYNYRDSKYNRYD02',	'GAME_MUSIC_STINGS',	'0.0'),
						
			('2D_MONKEES01',	'SND_GM_MONKEES01',	'GAME_MUSIC_STINGS',	'0.0'),
			('2D_MONKEES02',	'SND_GM_MONKEES02',	'GAME_MUSIC_STINGS',	'0.0'),
						
			('2D_MUNGOJERRY01',	'SND_GM_MUNGOJERRY01',	'GAME_MUSIC_STINGS',	'0.0'),
						
			('2D_NEILDIAMOND01',	'SND_GM_NEILDIAMOND01',	'GAME_MUSIC_STINGS',	'0.0'),
						
			('2D_NIRVANA01',	'SND_GM_NIRVANA01',	'GAME_MUSIC_STINGS',	'0.0'),
			('2D_NIRVANA02',	'SND_GM_NIRVANA02',	'GAME_MUSIC_STINGS',	'0.0'),
			('2D_NIRVANA03',	'SND_GM_NIRVANA03',	'GAME_MUSIC_STINGS',	'0.0'),
			('2D_NIRVANA04',	'SND_GM_NIRVANA04',	'GAME_MUSIC_STINGS',	'0.0'),
						
			('2D_NORMANGREENBAUM01',	'SND_GM_NORMANGREENBAUM01',	'GAME_MUSIC_STINGS',	'0.0'),
						
			('2D_OTISREDDING01',	'SND_GM_OTISREDDING01',	'GAME_MUSIC_STINGS',	'0.0'),
						
			('2D_MCCARTNEY01',	'SND_GM_MCCARTNEY01',	'GAME_MUSIC_STINGS',	'0.0'),
			('2D_MCCARTNEY02',	'SND_GM_MCCARTNEY02',	'GAME_MUSIC_STINGS',	'0.0'),
			('2D_MCCARTNEY03',	'SND_GM_MCCARTNEY03',	'GAME_MUSIC_STINGS',	'0.0'),
			('2D_MCCARTNEY04',	'SND_GM_MCCARTNEY04',	'GAME_MUSIC_STINGS',	'0.0'),
			('2D_MCCARTNEY05',	'SND_GM_MCCARTNEY05',	'GAME_MUSIC_STINGS',	'0.0'),
						
			('2D_PEARLJAM01',	'SND_GM_PEARLJAM01',	'GAME_MUSIC_STINGS',	'0.0'),
			('2D_PEARLJAM02',	'SND_GM_PEARLJAM02',	'GAME_MUSIC_STINGS',	'0.0'),
						
			('2D_PINKFLOYD01',	'SND_GM_PINKFLOYD01',	'GAME_MUSIC_STINGS',	'0.0'),
			('2D_PINKFLOYD02',	'SND_GM_PINKFLOYD02',	'GAME_MUSIC_STINGS',	'0.0'),
			('2D_PINKFLOYD03',	'SND_GM_PINKFLOYD03',	'GAME_MUSIC_STINGS',	'0.0'),
			('2D_PINKFLOYD04',	'SND_GM_PINKFLOYD04',	'GAME_MUSIC_STINGS',	'0.0'),
			('2D_PINKFLOYD05',	'SND_GM_PINKFLOYD05',	'GAME_MUSIC_STINGS',	'0.0'),
			('2D_PINKFLOYD06',	'SND_GM_PINKFLOYD06',	'GAME_MUSIC_STINGS',	'0.0'),
			('2D_PINKFLOYD07',	'SND_GM_PINKFLOYD07',	'GAME_MUSIC_STINGS',	'0.0'),
						
			('2D_POLICE01',	'SND_GM_POLICE01',	'GAME_MUSIC_STINGS',	'0.0'),
						
			('2D_QUEEN01',	'SND_GM_QUEEN01',	'GAME_MUSIC_STINGS',	'0.0'),
			('2D_QUEEN02',	'SND_GM_QUEEN02',	'GAME_MUSIC_STINGS',	'0.0'),
			('2D_QUEEN03',	'SND_GM_QUEEN03',	'GAME_MUSIC_STINGS',	'0.0'),
			('2D_QUEEN04',	'SND_GM_QUEEN04',	'GAME_MUSIC_STINGS',	'0.0'),
			('2D_QUEEN05',	'SND_GM_QUEEN05',	'GAME_MUSIC_STINGS',	'0.0'),
			('2D_QUEEN06',	'SND_GM_QUEEN06',	'GAME_MUSIC_STINGS',	'0.0'),
			('2D_QUEEN07',	'SND_GM_QUEEN07',	'GAME_MUSIC_STINGS',	'0.0'),
			('2D_QUEEN08',	'SND_GM_QUEEN08',	'GAME_MUSIC_STINGS',	'0.0'),
			('2D_QUEEN09',	'SND_GM_QUEEN09',	'GAME_MUSIC_STINGS',	'0.0'),
			('2D_QUEEN10',	'SND_GM_QUEEN10',	'GAME_MUSIC_STINGS',	'0.0'),
			('2D_QUEEN11',	'SND_GM_QUEEN11',	'GAME_MUSIC_STINGS',	'0.0'),
			('2D_QUEEN12',	'SND_GM_QUEEN12',	'GAME_MUSIC_STINGS',	'0.0'),
			('2D_QUEEN13',	'SND_GM_QUEEN13',	'GAME_MUSIC_STINGS',	'0.0'),
						
			('2D_RADIOHEAD01',	'SND_GM_RADIOHEAD01',	'GAME_MUSIC_STINGS',	'0.0'),
						
			('2D_RITCHIEVALENS01',	'SND_GM_RITCHIEVALENS01',	'GAME_MUSIC_STINGS',	'0.0'),
			('2D_RITCHIEVALENS02',	'SND_GM_RITCHIEVALENS02',	'GAME_MUSIC_STINGS',	'0.0'),
						
			('2D_ROLLINGSTONES01',	'SND_GM_ROLLINGSTONES01',	'GAME_MUSIC_STINGS',	'0.0'),
			('2D_ROLLINGSTONES02',	'SND_GM_ROLLINGSTONES02',	'GAME_MUSIC_STINGS',	'0.0'),
			('2D_ROLLINGSTONES03',	'SND_GM_ROLLINGSTONES03',	'GAME_MUSIC_STINGS',	'0.0'),
			('2D_ROLLINGSTONES04',	'SND_GM_ROLLINGSTONES04',	'GAME_MUSIC_STINGS',	'0.0'),
			('2D_ROLLINGSTONES05',	'SND_GM_ROLLINGSTONES05',	'GAME_MUSIC_STINGS',	'0.0'),
			('2D_ROLLINGSTONES06',	'SND_GM_ROLLINGSTONES06',	'GAME_MUSIC_STINGS',	'0.0'),
						
			('2D_ROYORBISON01',	'SND_GM_ROYORBISON01',	'GAME_MUSIC_STINGS',	'0.0'),
						
			('2D_RUSH01',	'SND_GM_RUSH01',	'GAME_MUSIC_STINGS',	'0.0'),
			('2D_RUSH02',	'SND_GM_RUSH02',	'GAME_MUSIC_STINGS',	'0.0'),
			('2D_RUSH03',	'SND_GM_RUSH03',	'GAME_MUSIC_STINGS',	'0.0'),
			('2D_RUSH04',	'SND_GM_RUSH04',	'GAME_MUSIC_STINGS',	'0.0'),
			('2D_RUSH05',	'SND_GM_RUSH05',	'GAME_MUSIC_STINGS',	'0.0'),
			('2D_RUSH06',	'SND_GM_RUSH06',	'GAME_MUSIC_STINGS',	'0.0'),
			('2D_RUSH07',	'SND_GM_RUSH07',	'GAME_MUSIC_STINGS',	'0.0'),
			('2D_RUSH08',	'SND_GM_RUSH08',	'GAME_MUSIC_STINGS',	'0.0'),
			('2D_RUSH09',	'SND_GM_RUSH09',	'GAME_MUSIC_STINGS',	'0.0'),
			('2D_RUSH10',	'SND_GM_RUSH10',	'GAME_MUSIC_STINGS',	'0.0'),
			('2D_RUSH11',	'SND_GM_RUSH11',	'GAME_MUSIC_STINGS',	'0.0'),
			('2D_RUSH12',	'SND_GM_RUSH12',	'GAME_MUSIC_STINGS',	'0.0'),
						
			('2D_SCORPIONS01',	'SND_GM_SCORPIONS01',	'GAME_MUSIC_STINGS',	'0.0'),
						
			('2D_SIMONGARFUNKEL01',	'SND_GM_SIMONGARFUNKEL01',	'GAME_MUSIC_STINGS',	'0.0'),
			('2D_SIMONGARFUNKEL02',	'SND_GM_SIMONGARFUNKEL02',	'GAME_MUSIC_STINGS',	'0.0'),
			('2D_SIMONGARFUNKEL03',	'SND_GM_SIMONGARFUNKEL03',	'GAME_MUSIC_STINGS',	'0.0'),
						
			('2D_SMASHINGPUMPKINS01',	'SND_GM_SMASHINGPUMPKINS01',	'GAME_MUSIC_STINGS',	'0.0'),
			('2D_SMASHINGPUMPKINS03',	'SND_GM_SMASHINGPUMPKINS03',	'GAME_MUSIC_STINGS',	'0.0'),
						
			('2D_SMITHS01',	'SND_GM_SMITHS01',	'GAME_MUSIC_STINGS',	'0.0'),
			('2D_SMITHS02',	'SND_GM_SMITHS02',	'GAME_MUSIC_STINGS',	'0.0'),
			('2D_SMITHS03',	'SND_GM_SMITHS03',	'GAME_MUSIC_STINGS',	'0.0'),
			('2D_SMITHS04',	'SND_GM_SMITHS04',	'GAME_MUSIC_STINGS',	'0.0'),
						
			('2D_SOUNDGARDEN01',	'SND_GM_SOUNDGARDEN01',	'GAME_MUSIC_STINGS',	'0.0'),
						
			('2D_STEALERSWHEEL01',	'SND_GM_STEALERSWHEEL01',	'GAME_MUSIC_STINGS',	'0.0'),
						
			('2D_TALBACHMAN01',	'SND_GM_TALBACHMAN01',	'GAME_MUSIC_STINGS',	'0.0'),
						
			('2D_THINLIZZY01',	'SND_GM_THINLIZZY01',	'GAME_MUSIC_STINGS',	'0.0'),
			('2D_THINLIZZY02',	'SND_GM_THINLIZZY02',	'GAME_MUSIC_STINGS',	'0.0'),
						
			('2D_TOMPETTY01',	'SND_GM_TOMPETTY01',	'GAME_MUSIC_STINGS',	'0.0'),
			('2D_TOMPETTY02',	'SND_GM_TOMPETTY02',	'GAME_MUSIC_STINGS',	'0.0'),
						
			('2D_TOTO01',	'SND_GM_TOTO01',	'GAME_MUSIC_STINGS',	'0.0'),
						
			('2D_VANMORRISON01',	'SND_GM_VANMORRISON01',	'GAME_MUSIC_STINGS',	'0.0'),
						
			('2D_WHO01',	'SND_GM_WHO01',	'GAME_MUSIC_STINGS',	'0.0'),
						
			('2D_ZOMBIES01',	'SND_GM_ZOMBIES01',	'GAME_MUSIC_STINGS',	'0.0'),
			('2D_ZOMBIES02',	'SND_GM_ZOMBIES02',	'GAME_MUSIC_STINGS',	'0.0');

			
INSERT INTO Unit_UniqueNames
			(UnitType,	UniqueName,	GreatWorkType)
VALUES		('UNIT_MUSICIAN',	'TXT_KEY_GM_AHA01',	'GW_TAKEONME'),
				
			('UNIT_MUSICIAN',	'TXT_KEY_GM_ACDC01',	'GW_HIGHWAYTOHELL'),
			('UNIT_MUSICIAN',	'TXT_KEY_GM_ACDC02',	'GW_YOUSHOOKMEALLNIGHTLONG'),
				
			('UNIT_MUSICIAN',	'TXT_KEY_GM_AEROSMITH01',	'GW_DREAMON'),
			('UNIT_MUSICIAN',	'TXT_KEY_GM_AEROSMITH02',	'GW_WALKTHISWAY'),
				
			('UNIT_MUSICIAN',	'TXT_KEY_GM_ANIMALS01',	'GW_THEHOUSEOFTHERISINGSUN'),
				
			('UNIT_MUSICIAN',	'TXT_KEY_GM_BAND01',	'GW_ISHALLBERELEASED'),
				
			('UNIT_MUSICIAN',	'TXT_KEY_GM_BEACHBOYS01',	'GW_WOULDNTITBENICE'),
				
			('UNIT_MUSICIAN',	'TXT_KEY_GM_BEATLES01',	'GW_ADAYINTHELIFE'),
			('UNIT_MUSICIAN',	'TXT_KEY_GM_BEATLES02',	'GW_AHARDDAYSNIGHT'),
			('UNIT_MUSICIAN',	'TXT_KEY_GM_BEATLES03',	'GW_ACROSSTHEUNIVERSE'),
			('UNIT_MUSICIAN',	'TXT_KEY_GM_BEATLES04',	'GW_BECAUSE'),
			('UNIT_MUSICIAN',	'TXT_KEY_GM_BEATLES05',	'GW_CANTBUYMELOVE'),
			('UNIT_MUSICIAN',	'TXT_KEY_GM_BEATLES06',	'GW_COMETOGETHER'),
			('UNIT_MUSICIAN',	'TXT_KEY_GM_BEATLES07',	'GW_DAYTRIPPER'),
			('UNIT_MUSICIAN',	'TXT_KEY_GM_BEATLES08',	'GW_DONTLETMEDOWN'),
			('UNIT_MUSICIAN',	'TXT_KEY_GM_BEATLES09',	'GW_EIGHTDAYSAWEEK'),
			('UNIT_MUSICIAN',	'TXT_KEY_GM_BEATLES10',	'GW_ELEANORRIGBY'),
			('UNIT_MUSICIAN',	'TXT_KEY_GM_BEATLES11',	'GW_FOOLONTHEHILL'),
			('UNIT_MUSICIAN',	'TXT_KEY_GM_BEATLES12',	'GW_HAPPINESSISAWARMGUN'),
			('UNIT_MUSICIAN',	'TXT_KEY_GM_BEATLES13',	'GW_HELP'),
			('UNIT_MUSICIAN',	'TXT_KEY_GM_BEATLES14',	'GW_HELTERSKELTER'),
			('UNIT_MUSICIAN',	'TXT_KEY_GM_BEATLES15',	'GW_HERECOMESTHESUN'),
			('UNIT_MUSICIAN',	'TXT_KEY_GM_BEATLES16',	'GW_HEYJUDE'),
			('UNIT_MUSICIAN',	'TXT_KEY_GM_BEATLES17',	'GW_IWANTTOHOLDYOURHAND'),
			('UNIT_MUSICIAN',	'TXT_KEY_GM_BEATLES18',	'GW_ILLFOLLOWTHESUN'),
			('UNIT_MUSICIAN',	'TXT_KEY_GM_BEATLES19',	'GW_IMINLOVE'),
			('UNIT_MUSICIAN',	'TXT_KEY_GM_BEATLES20',	'GW_INMYLIFE'),
			('UNIT_MUSICIAN',	'TXT_KEY_GM_BEATLES21',	'GW_LETITBE'),
			('UNIT_MUSICIAN',	'TXT_KEY_GM_BEATLES22',	'GW_LUCYINTHESKYWITHDIAMONDS'),
			('UNIT_MUSICIAN',	'TXT_KEY_GM_BEATLES23',	'GW_OCTOPUSGARDEN'),
			('UNIT_MUSICIAN',	'TXT_KEY_GM_BEATLES24',	'GW_PENNYLANE'),
			('UNIT_MUSICIAN',	'TXT_KEY_GM_BEATLES25',	'GW_REVOLUTION'),
			('UNIT_MUSICIAN',	'TXT_KEY_GM_BEATLES26',	'GW_SAVOYTRUFFLE'),
			('UNIT_MUSICIAN',	'TXT_KEY_GM_BEATLES27',	'GW_SGTPEPPERSLONELYHEARTSCLUBBAND'),
			('UNIT_MUSICIAN',	'TXT_KEY_GM_BEATLES28',	'GW_SOMETHING'),
			('UNIT_MUSICIAN',	'TXT_KEY_GM_BEATLES29',	'GW_STRAWBERRYFIELDSFOREVER'),
			('UNIT_MUSICIAN',	'TXT_KEY_GM_BEATLES30',	'GW_THELONGANDWINDINGROAD'),
			('UNIT_MUSICIAN',	'TXT_KEY_GM_BEATLES31',	'GW_TICKETTORIDE'),
			('UNIT_MUSICIAN',	'TXT_KEY_GM_BEATLES32',	'GW_TWISTANDSHOUT'),
			('UNIT_MUSICIAN',	'TXT_KEY_GM_BEATLES33',	'GW_WHILEMYGUITARGENTLYWEEPS'),
			('UNIT_MUSICIAN',	'TXT_KEY_GM_BEATLES34',	'GW_YESTERDAY'),
			('UNIT_MUSICIAN',	'TXT_KEY_GM_BEATLES35',	'GW_YELLOWSUBMARINE'),
				
			('UNIT_MUSICIAN',	'TXT_KEY_GM_BONJOVI01',	'GW_ITSMYLIFE'),
				
			('UNIT_MUSICIAN',	'TXT_KEY_GM_BOSTON01',	'GW_MORETHANAFEELING'),
			('UNIT_MUSICIAN',	'TXT_KEY_GM_BOSTON02',	'GW_PEACEOFMIND'),
				
			('UNIT_MUSICIAN',	'TXT_KEY_GM_BUDDYHOLLY01',	'GW_EVERYDAY'),
			('UNIT_MUSICIAN',	'TXT_KEY_GM_BUDDYHOLLY02',	'GW_PEGGYSUE'),
			('UNIT_MUSICIAN',	'TXT_KEY_GM_BUDDYHOLLY03',	'GW_THATLLBETHEDAY'),
			('UNIT_MUSICIAN',	'TXT_KEY_GM_BUDDYHOLLY04',	'GW_WORDSOFLOVE'),
				
			('UNIT_MUSICIAN',	'TXT_KEY_GM_CHORDETTES01',	'GW_LOLLIPOP'),
			('UNIT_MUSICIAN',	'TXT_KEY_GM_CHORDETTES02',	'GW_MRSANDMAN'),
				
			('UNIT_MUSICIAN',	'TXT_KEY_GM_CHUBBYCHECKER01',	'GW_THETWIST'),
				
			('UNIT_MUSICIAN',	'TXT_KEY_GM_CHUCKBERRY01',	'GW_JOHNNYBGOODE'),
				
			('UNIT_MUSICIAN',	'TXT_KEY_GM_CCR01',	'GW_FORTUNATESON'),
				
			('UNIT_MUSICIAN',	'TXT_KEY_GM_DIONDIMUCCI01',	'GW_RUNAROUNDSUE'),
			('UNIT_MUSICIAN',	'TXT_KEY_GM_DIONDIMUCCI02',	'GW_THEWANDERER'),
				
			('UNIT_MUSICIAN',	'TXT_KEY_GM_DONMCLEAN01',	'GW_AMERICANPIE'),
				
			('UNIT_MUSICIAN',	'TXT_KEY_GM_DOORS01',	'GW_PEOPLEARESTRANGE'),
				
			('UNIT_MUSICIAN',	'TXT_KEY_GM_EAGLES01',	'GW_HOTELCALIFORNIA'),
				
			('UNIT_MUSICIAN',	'TXT_KEY_GM_ELVISCOSTELLO01',	'GW_LESSTHANZERO'),
			('UNIT_MUSICIAN',	'TXT_KEY_GM_ELVISCOSTELLO02',	'GW_WATCHINGTHEDETECTIVES'),
				
			('UNIT_MUSICIAN',	'TXT_KEY_GM_ELVIS01',	'GW_ALITTLELESSCONVERSATION'),
			('UNIT_MUSICIAN',	'TXT_KEY_GM_ELVIS02',	'GW_ALLSHOOKUP'),
			('UNIT_MUSICIAN',	'TXT_KEY_GM_ELVIS03',	'GW_HOUNDDOG'),
			('UNIT_MUSICIAN',	'TXT_KEY_GM_ELVIS04',	'GW_JAILHOUSEROCK'),
				
			('UNIT_MUSICIAN',	'TXT_KEY_GM_EUROPE01',	'GW_THEFINALCOUNTDOWN'),
				
			('UNIT_MUSICIAN',	'TXT_KEY_GM_FOGHAT01',	'GW_SLOWRIDE'),
				
			('UNIT_MUSICIAN',	'TXT_KEY_GM_FOOFIGHTERS01',	'GW_EVERLONG'),
				
			('UNIT_MUSICIAN',	'TXT_KEY_GM_FOURSEASONS01',	'GW_BIGGIRLSDONTCRY'),
			('UNIT_MUSICIAN',	'TXT_KEY_GM_FOURSEASONS02',	'GW_BIGMANINTOWN'),
			('UNIT_MUSICIAN',	'TXT_KEY_GM_FOURSEASONS03',	'GW_SHERRY'),
			('UNIT_MUSICIAN',	'TXT_KEY_GM_FOURSEASONS04',	'GW_WALKLIKEAMAN'),
				
			('UNIT_MUSICIAN',	'TXT_KEY_GM_GEORGEHARRISON01',	'GW_ALLTHINGSMUSTPASS'),
			('UNIT_MUSICIAN',	'TXT_KEY_GM_GEORGEHARRISON02',	'GW_ARTOFDYING'),
			('UNIT_MUSICIAN',	'TXT_KEY_GM_GEORGEHARRISON03',	'GW_BEHINDTHATLOCKEDDOOR'),
			('UNIT_MUSICIAN',	'TXT_KEY_GM_GEORGEHARRISON04',	'GW_BEWAREOFDARKNESS'),
			('UNIT_MUSICIAN',	'TXT_KEY_GM_GEORGEHARRISON05',	'GW_BRAINWASHED'),
			('UNIT_MUSICIAN',	'TXT_KEY_GM_GEORGEHARRISON06',	'GW_HEARMELORD'),
			('UNIT_MUSICIAN',	'TXT_KEY_GM_GEORGEHARRISON07',	'GW_IFNOTFORYOU'),
			('UNIT_MUSICIAN',	'TXT_KEY_GM_GEORGEHARRISON08',	'GW_ISNTITAPITY'),
			('UNIT_MUSICIAN',	'TXT_KEY_GM_GEORGEHARRISON09',	'GW_LIFEITSELF'),
			('UNIT_MUSICIAN',	'TXT_KEY_GM_GEORGEHARRISON10',	'GW_MYSWEETLORD'),
				
			('UNIT_MUSICIAN',	'TXT_KEY_GM_HALLOATES01',	'GW_YOUMAKEMYDREAMS'),
				
			('UNIT_MUSICIAN',	'TXT_KEY_GM_HOLLIES01',	'GW_LONGCOOLWOMAN'),
				
			('UNIT_MUSICIAN',	'TXT_KEY_GM_JEFFBUCKLEY01',	'GW_HALLELUJAH'),
				
			('UNIT_MUSICIAN',	'TXT_KEY_GM_HENDRIX01',	'GW_ALLALONGTHEWATCHTOWER'),
			('UNIT_MUSICIAN',	'TXT_KEY_GM_HENDRIX02',	'GW_AREYOUEXPERIENCED'),
			('UNIT_MUSICIAN',	'TXT_KEY_GM_HENDRIX03',	'GW_ASTROMAN'),
			('UNIT_MUSICIAN',	'TXT_KEY_GM_HENDRIX04',	'GW_EZYRIDER'),
			('UNIT_MUSICIAN',	'TXT_KEY_GM_HENDRIX05',	'GW_HEYJOE'),
				
			('UNIT_MUSICIAN',	'TXT_KEY_GM_LENNON01',	'GW_GIVEPEACEACHANCE'),
			('UNIT_MUSICIAN',	'TXT_KEY_GM_LENNON02',	'GW_GOD'),
			('UNIT_MUSICIAN',	'TXT_KEY_GM_LENNON03',	'GW_IMAGINE'),
			('UNIT_MUSICIAN',	'TXT_KEY_GM_LENNON04',	'GW_WORKINGCLASSHERO'),
				
			('UNIT_MUSICIAN',	'TXT_KEY_GM_JOHNNYTILLOTSON01',	'GW_EARTHANGEL'),
				
			('UNIT_MUSICIAN',	'TXT_KEY_GM_JOURNEY01',	'GW_DONTSTOPBELIEVIN'),
			('UNIT_MUSICIAN',	'TXT_KEY_GM_JOURNEY02',	'GW_OPENARMS'),
				
			('UNIT_MUSICIAN',	'TXT_KEY_GM_JOYDIVISION01',	'GW_ISOLATION'),
			('UNIT_MUSICIAN',	'TXT_KEY_GM_JOYDIVISION02',	'GW_SHADOWPLAY'),
				
			('UNIT_MUSICIAN',	'TXT_KEY_GM_KANSAS01',	'GW_CARRYONWAYWARDSON'),
			('UNIT_MUSICIAN',	'TXT_KEY_GM_KANSAS02',	'GW_DUSTINTHEWIND'),
				
			('UNIT_MUSICIAN',	'TXT_KEY_GM_ZEPPELIN01',	'GW_DYERMAKER'),
			('UNIT_MUSICIAN',	'TXT_KEY_GM_ZEPPELIN02',	'GW_HEARTBREAKER'),
			('UNIT_MUSICIAN',	'TXT_KEY_GM_ZEPPELIN03',	'GW_IMMIGRANTSONG'),
			('UNIT_MUSICIAN',	'TXT_KEY_GM_ZEPPELIN04',	'GW_KASHMIR'),
			('UNIT_MUSICIAN',	'TXT_KEY_GM_ZEPPELIN05',	'GW_STAIRWAYTOHEAVEN'),
			('UNIT_MUSICIAN',	'TXT_KEY_GM_ZEPPELIN06',	'GW_WHENTHELEVEEBREAKS'),
				
			('UNIT_MUSICIAN',	'TXT_KEY_GM_LYNYRDSKYNRYD01',	'GW_FREEBIRD'),
			('UNIT_MUSICIAN',	'TXT_KEY_GM_LYNYRDSKYNRYD02',	'GW_SIMPLEMAN'),
				
			('UNIT_MUSICIAN',	'TXT_KEY_GM_MONKEES01',	'GW_IWANNABEFREE'),
			('UNIT_MUSICIAN',	'TXT_KEY_GM_MONKEES02',	'GW_IMABELIEVER'),
				
			('UNIT_MUSICIAN',	'TXT_KEY_GM_MUNGOJERRY01',	'GW_INTHESUMMERTIME'),
				
			('UNIT_MUSICIAN',	'TXT_KEY_GM_NEILDIAMOND01',	'GW_SWEETCAROLINE'),
				
			('UNIT_MUSICIAN',	'TXT_KEY_GM_NIRVANA01',	'GW_COMEASYOUARE'),
			('UNIT_MUSICIAN',	'TXT_KEY_GM_NIRVANA02',	'GW_HEARTSHAPEDBOX'),
			('UNIT_MUSICIAN',	'TXT_KEY_GM_NIRVANA03',	'GW_SMELLSLIKETEENSPIRIT'),
			('UNIT_MUSICIAN',	'TXT_KEY_GM_NIRVANA04',	'GW_SOMETHINGINTHEWAY'),
				
			('UNIT_MUSICIAN',	'TXT_KEY_GM_NORMANGREENBAUM01',	'GW_SPIRITINTHESKY'),
				
			('UNIT_MUSICIAN',	'TXT_KEY_GM_OTISREDDING01',	'GW_SITTINONTHEDOCKOFTHEBAY'),
				
			('UNIT_MUSICIAN',	'TXT_KEY_GM_MCCARTNEY01',	'GW_BANDONTHERUN'),
			('UNIT_MUSICIAN',	'TXT_KEY_GM_MCCARTNEY02',	'GW_JUNK'),
			('UNIT_MUSICIAN',	'TXT_KEY_GM_MCCARTNEY03',	'GW_LIVEANDLETDIE'),
			('UNIT_MUSICIAN',	'TXT_KEY_GM_MCCARTNEY04',	'GW_MAYBEIMAMAZED'),
			('UNIT_MUSICIAN',	'TXT_KEY_GM_MCCARTNEY05',	'GW_SILLYLOVESONGS'),
				
			('UNIT_MUSICIAN',	'TXT_KEY_GM_PEARLJAM01',	'GW_BLACK'),
			('UNIT_MUSICIAN',	'TXT_KEY_GM_PEARLJAM02',	'GW_YELLOWLEADBETTER'),
				
			('UNIT_MUSICIAN',	'TXT_KEY_GM_PINKFLOYD01',	'GW_BRAINDAMAGE'),
			('UNIT_MUSICIAN',	'TXT_KEY_GM_PINKFLOYD02',	'GW_MONEY'),
			('UNIT_MUSICIAN',	'TXT_KEY_GM_PINKFLOYD03',	'GW_TIME'),
			('UNIT_MUSICIAN',	'TXT_KEY_GM_PINKFLOYD04',	'GW_COMFORTABLYNUMB'),
			('UNIT_MUSICIAN',	'TXT_KEY_GM_PINKFLOYD05',	'GW_COMINGBACKTOLIFE'),
			('UNIT_MUSICIAN',	'TXT_KEY_GM_PINKFLOYD06',	'GW_WISHYOUWEREHERE'),
			('UNIT_MUSICIAN',	'TXT_KEY_GM_PINKFLOYD07',	'GW_TRIAL'),
				
			('UNIT_MUSICIAN',	'TXT_KEY_GM_POLICE01',	'GW_ROXANNE'),
				
			('UNIT_MUSICIAN',	'TXT_KEY_GM_QUEEN01',	'GW_ANOTHERONEBITESTHEDUST'),
			('UNIT_MUSICIAN',	'TXT_KEY_GM_QUEEN02',	'GW_BICYCLERACE'),
			('UNIT_MUSICIAN',	'TXT_KEY_GM_QUEEN03',	'GW_BOHEMIANRHAPSODY'),
			('UNIT_MUSICIAN',	'TXT_KEY_GM_QUEEN04',	'GW_DONTSTOPMENOW'),
			('UNIT_MUSICIAN',	'TXT_KEY_GM_QUEEN05',	'GW_FATBOTTOMEDGIRLS'),
			('UNIT_MUSICIAN',	'TXT_KEY_GM_QUEEN06',	'GW_IFYOUCANTBEATTHEM'),
			('UNIT_MUSICIAN',	'TXT_KEY_GM_QUEEN07',	'GW_ISTHISTHEWORLDWECREATED'),
			('UNIT_MUSICIAN',	'TXT_KEY_GM_QUEEN08',	'GW_KILLERQUEEN'),
			('UNIT_MUSICIAN',	'TXT_KEY_GM_QUEEN09',	'GW_RADIOGAGA'),
			('UNIT_MUSICIAN',	'TXT_KEY_GM_QUEEN10',	'GW_UNDERPRESSURE'),
			('UNIT_MUSICIAN',	'TXT_KEY_GM_QUEEN11',	'GW_WEARETHECHAMPIONS'),
			('UNIT_MUSICIAN',	'TXT_KEY_GM_QUEEN12',	'GW_WEWILLROCKYOU'),
			('UNIT_MUSICIAN',	'TXT_KEY_GM_QUEEN13',	'GW_YOUREMYBESTFRIEND'),
				
			('UNIT_MUSICIAN',	'TXT_KEY_GM_RADIOHEAD01',	'GW_CREEP'),
				
			('UNIT_MUSICIAN',	'TXT_KEY_GM_RITCHIEVALENS01',	'GW_LABAMBA'),
			('UNIT_MUSICIAN',	'TXT_KEY_GM_RITCHIEVALENS02',	'GW_WEBELONGTOGETHER'),
				
			('UNIT_MUSICIAN',	'TXT_KEY_GM_ROLLINGSTONES01',	'GW_ICANTGETNOSATISFACTION'),
			('UNIT_MUSICIAN',	'TXT_KEY_GM_ROLLINGSTONES02',	'GW_BEASTOFBURDEN'),
			('UNIT_MUSICIAN',	'TXT_KEY_GM_ROLLINGSTONES03',	'GW_GIMMESHELTER'),
			('UNIT_MUSICIAN',	'TXT_KEY_GM_ROLLINGSTONES04',	'GW_PAINTITBLACK'),
			('UNIT_MUSICIAN',	'TXT_KEY_GM_ROLLINGSTONES05',	'GW_SYMPATHYFORTHEDEVIL'),
			('UNIT_MUSICIAN',	'TXT_KEY_GM_ROLLINGSTONES06',	'GW_YOUCANTALWAYSGETWHATYOUWANT'),
				
			('UNIT_MUSICIAN',	'TXT_KEY_GM_ROYORBISON01',	'GW_PRETTYWOMAN'),
				
			('UNIT_MUSICIAN',	'TXT_KEY_GM_RUSH01',	'GW_BYTORANDTHESNOWDOG'),
			('UNIT_MUSICIAN',	'TXT_KEY_GM_RUSH02',	'GW_LIMELIGHT'),
			('UNIT_MUSICIAN',	'TXT_KEY_GM_RUSH03',	'GW_REDBARCHETTA'),
			('UNIT_MUSICIAN',	'TXT_KEY_GM_RUSH04',	'GW_THEFOUNTAINOFLAMNETHI'),
			('UNIT_MUSICIAN',	'TXT_KEY_GM_RUSH05',	'GW_THEFOUNTAINOFLAMNETHII'),
			('UNIT_MUSICIAN',	'TXT_KEY_GM_RUSH06',	'GW_THEFOUNTAINOFLAMNETHIII'),
			('UNIT_MUSICIAN',	'TXT_KEY_GM_RUSH07',	'GW_THEFOUNTAINOFLAMNETHIV'),
			('UNIT_MUSICIAN',	'TXT_KEY_GM_RUSH08',	'GW_THEFOUNTAINOFLAMNETHV'),
			('UNIT_MUSICIAN',	'TXT_KEY_GM_RUSH09',	'GW_THEFOUNTAINOFLAMNETHVI'),
			('UNIT_MUSICIAN',	'TXT_KEY_GM_RUSH10',	'GW_THENECROMANCER'),
			('UNIT_MUSICIAN',	'TXT_KEY_GM_RUSH11',	'GW_TOMSAWYER'),
			('UNIT_MUSICIAN',	'TXT_KEY_GM_RUSH12',	'GW_YYZ'),
				
			('UNIT_MUSICIAN',	'TXT_KEY_GM_SCORPIONS01',	'GW_WINDOFCHANGE'),
				
			('UNIT_MUSICIAN',	'TXT_KEY_GM_SIMONGARFUNKEL01',	'GW_BRIDGEOVERTROUBLEDWATER'),
			('UNIT_MUSICIAN',	'TXT_KEY_GM_SIMONGARFUNKEL02',	'GW_HOMEWARDBOUND'),
			('UNIT_MUSICIAN',	'TXT_KEY_GM_SIMONGARFUNKEL03',	'GW_THESOUNDSOFSILENCE'),
				
			('UNIT_MUSICIAN',	'TXT_KEY_GM_SMASHINGPUMPKINS01',	'GW_1979'),
			('UNIT_MUSICIAN',	'TXT_KEY_GM_SMASHINGPUMPKINS03',	'GW_TONIGHTTONIGHT'),
				
			('UNIT_MUSICIAN',	'TXT_KEY_GM_SMITHS01',	'GW_ASLEEP'),
			('UNIT_MUSICIAN',	'TXT_KEY_GM_SMITHS02',	'GW_HOWSOONISNOW'),
			('UNIT_MUSICIAN',	'TXT_KEY_GM_SMITHS03',	'GW_ISITREALLYSOSTRANGE'),
			('UNIT_MUSICIAN',	'TXT_KEY_GM_SMITHS04',	'GW_THEREISALIGHTTHATNEVERGOESOUT'),
				
			('UNIT_MUSICIAN',	'TXT_KEY_GM_SOUNDGARDEN01',	'GW_BLACKHOLESUN'),
				
			('UNIT_MUSICIAN',	'TXT_KEY_GM_STEALERSWHEEL01',	'GW_STUCKINTHEMIDDLEWITHYOU'),
				
			('UNIT_MUSICIAN',	'TXT_KEY_GM_TALBACHMAN01',	'GW_SHESSOHIGH'),
				
			('UNIT_MUSICIAN',	'TXT_KEY_GM_THINLIZZY01',	'GW_BOYSAREBACKINTOWN'),
			('UNIT_MUSICIAN',	'TXT_KEY_GM_THINLIZZY02',	'GW_JAILBREAK'),
				
			('UNIT_MUSICIAN',	'TXT_KEY_GM_TOMPETTY01',	'GW_FREEFALLIN'),
			('UNIT_MUSICIAN',	'TXT_KEY_GM_TOMPETTY02',	'GW_IWONTBACKDOWN'),
				
			('UNIT_MUSICIAN',	'TXT_KEY_GM_TOTO01',	'GW_AFRICA'),
				
			('UNIT_MUSICIAN',	'TXT_KEY_GM_VANMORRISON01',	'GW_BROWNEYEDGIRL'),
				
			('UNIT_MUSICIAN',	'TXT_KEY_GM_WHO01',	'GW_PINBALLWIZARD'),
				
			('UNIT_MUSICIAN',	'TXT_KEY_GM_ZOMBIES01',	'GW_SUMMERTIME'),
			('UNIT_MUSICIAN',	'TXT_KEY_GM_ZOMBIES02',	'GW_TIMEOFTHESEASON');

INSERT INTO GreatWorks
			(Type,	GreatWorkClassType,	Description,	Audio,	Image)
VALUES		('GW_TAKEONME',	'GREAT_WORK_MUSIC',	'TXT_KEY_GW_TAKEONME',	'2D_AHA01',	'aha.dds'),

			('GW_HIGHWAYTOHELL',	'GREAT_WORK_MUSIC',	'TXT_KEY_GW_HIGHWAYTOHELL',	'2D_ACDC01',	'hell.dds'),
			('GW_YOUSHOOKMEALLNIGHTLONG',	'GREAT_WORK_MUSIC',	'TXT_KEY_GW_YOUSHOOKMEALLNIGHTLONG',	'2D_ACDC02',	'acdcbackinblack.dds'),
							
			('GW_DREAMON',	'GREAT_WORK_MUSIC',	'TXT_KEY_GW_DREAMON',	'2D_AEROSMITH01',	'aerosmith.dds'),
			('GW_WALKTHISWAY',	'GREAT_WORK_MUSIC',	'TXT_KEY_GW_WALKTHISWAY',	'2D_AEROSMITH02',	'toysintheattic.dds'),
							
			('GW_THEHOUSEOFTHERISINGSUN',	'GREAT_WORK_MUSIC',	'TXT_KEY_GW_THEHOUSEOFTHERISINGSUN',	'2D_ANIMALS01',	'animals.dds'),
							
			('GW_ISHALLBERELEASED',	'GREAT_WORK_MUSIC',	'TXT_KEY_GW_ISHALLBERELEASED',	'2D_BAND01',	'band.dds'),
							
			('GW_WOULDNTITBENICE',	'GREAT_WORK_MUSIC',	'TXT_KEY_GW_WOULDNTITBENICE',	'2D_BEACHBOYS01',	'petsounds.dds'),
							
			('GW_ADAYINTHELIFE',	'GREAT_WORK_MUSIC',	'TXT_KEY_GW_ADAYINTHELIFE',	'2D_BEATLES01',	'sgtpeppers.dds'),
			('GW_AHARDDAYSNIGHT',	'GREAT_WORK_MUSIC',	'TXT_KEY_GW_AHARDDAYSNIGHT',	'2D_BEATLES02',	'aharddaysnight.dds'),
			('GW_ACROSSTHEUNIVERSE',	'GREAT_WORK_MUSIC',	'TXT_KEY_GW_ACROSSTHEUNIVERSE',	'2D_BEATLES03',	'letitbe.dds'),
			('GW_BECAUSE',	'GREAT_WORK_MUSIC',	'TXT_KEY_GW_BECAUSE',	'2D_BEATLES04',	'abbeyroad.dds'),
			('GW_CANTBUYMELOVE',	'GREAT_WORK_MUSIC',	'TXT_KEY_GW_CANTBUYMELOVE',	'2D_BEATLES05',	'aharddaysnight.dds'),
			('GW_COMETOGETHER',	'GREAT_WORK_MUSIC',	'TXT_KEY_GW_COMETOGETHER',	'2D_BEATLES06',	'abbeyroad.dds'),
			('GW_DAYTRIPPER',	'GREAT_WORK_MUSIC',	'TXT_KEY_GW_DAYTRIPPER',	'2D_BEATLES07',	'rubbersoul.dds'),
			('GW_DONTLETMEDOWN',	'GREAT_WORK_MUSIC',	'TXT_KEY_GW_DONTLETMEDOWN',	'2D_BEATLES08',	'letitbe.dds'),
			('GW_EIGHTDAYSAWEEK',	'GREAT_WORK_MUSIC',	'TXT_KEY_GW_EIGHTDAYSAWEEK',	'2D_BEATLES09',	'beatlesforsale.dds'),
			('GW_ELEANORRIGBY',	'GREAT_WORK_MUSIC',	'TXT_KEY_GW_ELEANORRIGBY',	'2D_BEATLES10',	'revolver.dds'),
			('GW_FOOLONTHEHILL',	'GREAT_WORK_MUSIC',	'TXT_KEY_GW_FOOLONTHEHILL',	'2D_BEATLES11',	'magicalmysterytour.dds'),
			('GW_HAPPINESSISAWARMGUN',	'GREAT_WORK_MUSIC',	'TXT_KEY_GW_HAPPINESSISAWARMGUN',	'2D_BEATLES12',	'whitealbum.dds'),
			('GW_HELP',	'GREAT_WORK_MUSIC',	'TXT_KEY_GW_HELP',	'2D_BEATLES13',	'help.dds'),
			('GW_HELTERSKELTER',	'GREAT_WORK_MUSIC',	'TXT_KEY_GW_HELTERSKELTER',	'2D_BEATLES14',	'whitealbum.dds'),
			('GW_HERECOMESTHESUN',	'GREAT_WORK_MUSIC',	'TXT_KEY_GW_HERECOMESTHESUN',	'2D_BEATLES15',	'abbeyroad.dds'),
			('GW_HEYJUDE',	'GREAT_WORK_MUSIC',	'TXT_KEY_GW_HEYJUDE',	'2D_BEATLES16',	'heyjude.dds'),
			('GW_IWANTTOHOLDYOURHAND',	'GREAT_WORK_MUSIC',	'TXT_KEY_GW_IWANTTOHOLDYOURHAND',	'2D_BEATLES17',	'iwanttoholdyourhand.dds'),
			('GW_ILLFOLLOWTHESUN',	'GREAT_WORK_MUSIC',	'TXT_KEY_GW_ILLFOLLOWTHESUN',	'2D_BEATLES18',	'beatlesforsale.dds'),
			('GW_IMINLOVE',	'GREAT_WORK_MUSIC',	'TXT_KEY_GW_IMINLOVE',	'2D_BEATLES19',	'beatles.dds'),
			('GW_INMYLIFE',	'GREAT_WORK_MUSIC',	'TXT_KEY_GW_INMYLIFE',	'2D_BEATLES20',	'rubbersoul.dds'),
			('GW_LETITBE',	'GREAT_WORK_MUSIC',	'TXT_KEY_GW_LETITBE',	'2D_BEATLES21',	'letitbe.dds'),
			('GW_LUCYINTHESKYWITHDIAMONDS',	'GREAT_WORK_MUSIC',	'TXT_KEY_GW_LUCYINTHESKYWITHDIAMONDS',	'2D_BEATLES22',	'sgtpeppers.dds'),
			('GW_OCTOPUSGARDEN',	'GREAT_WORK_MUSIC',	'TXT_KEY_GW_OCTOPUSGARDEN',	'2D_BEATLES23',	'abbeyroad.dds'),
			('GW_PENNYLANE',	'GREAT_WORK_MUSIC',	'TXT_KEY_GW_PENNYLANE',	'2D_BEATLES24',	'magicalmysterytour.dds'),
			('GW_REVOLUTION',	'GREAT_WORK_MUSIC',	'TXT_KEY_GW_REVOLUTION',	'2D_BEATLES25',	'whitealbum.dds'),
			('GW_SAVOYTRUFFLE',	'GREAT_WORK_MUSIC',	'TXT_KEY_GW_SAVOYTRUFFLE',	'2D_BEATLES26',	'whitealbum.dds'),
			('GW_SGTPEPPERSLONELYHEARTSCLUBBAND',	'GREAT_WORK_MUSIC',	'TXT_KEY_GW_SGTPEPPERSLONELYHEARTSCLUBBAND',	'2D_BEATLES27',	'sgtpeppers.dds'),
			('GW_SOMETHING',	'GREAT_WORK_MUSIC',	'TXT_KEY_GW_SOMETHING',	'2D_BEATLES28',	'abbeyroad.dds'),
			('GW_STRAWBERRYFIELDSFOREVER',	'GREAT_WORK_MUSIC',	'TXT_KEY_GW_STRAWBERRYFIELDSFOREVER',	'2D_BEATLES29',	'magicalmysterytour.dds'),
			('GW_THELONGANDWINDINGROAD',	'GREAT_WORK_MUSIC',	'TXT_KEY_GW_THELONGANDWINDINGROAD',	'2D_BEATLES30',	'letitbe.dds'),
			('GW_TICKETTORIDE',	'GREAT_WORK_MUSIC',	'TXT_KEY_GW_TICKETTORIDE',	'2D_BEATLES31',	'help.dds'),
			('GW_TWISTANDSHOUT',	'GREAT_WORK_MUSIC',	'TXT_KEY_GW_TWISTANDSHOUT',	'2D_BEATLES32',	'pleasepleaseme.dds'),
			('GW_WHILEMYGUITARGENTLYWEEPS',	'GREAT_WORK_MUSIC',	'TXT_KEY_GW_WHILEMYGUITARGENTLYWEEPS',	'2D_BEATLES33',	'whitealbum.dds'),
			('GW_YESTERDAY',	'GREAT_WORK_MUSIC',	'TXT_KEY_GW_YESTERDAY',	'2D_BEATLES34',	'help.dds'),
			('GW_YELLOWSUBMARINE',	'GREAT_WORK_MUSIC',	'TXT_KEY_GW_YELLOWSUBMARINE',	'2D_BEATLES35',	'yellowsubmarine.dds'),
							
			('GW_ITSMYLIFE',	'GREAT_WORK_MUSIC',	'TXT_KEY_GW_ITSMYLIFE',	'2D_BONJOVI01',	'crush.dds'),
							
			('GW_MORETHANAFEELING',	'GREAT_WORK_MUSIC',	'TXT_KEY_GW_MORETHANAFEELING',	'2D_BOSTON01',	'boston.dds'),
			('GW_PEACEOFMIND',	'GREAT_WORK_MUSIC',	'TXT_KEY_GW_PEACEOFMIND',	'2D_BOSTON02',	'boston.dds'),
							
			('GW_EVERYDAY',	'GREAT_WORK_MUSIC',	'TXT_KEY_GW_EVERYDAY',	'2D_BUDDYHOLLY01',	'buddyholly.dds'),
			('GW_PEGGYSUE',	'GREAT_WORK_MUSIC',	'TXT_KEY_GW_PEGGYSUE',	'2D_BUDDYHOLLY02',	'buddyholly.dds'),
			('GW_THATLLBETHEDAY',	'GREAT_WORK_MUSIC',	'TXT_KEY_GW_THATLLBETHEDAY',	'2D_BUDDYHOLLY03',	'thatllbetheday.dds'),
			('GW_WORDSOFLOVE',	'GREAT_WORK_MUSIC',	'TXT_KEY_GW_WORDSOFLOVE',	'2D_BUDDYHOLLY04',	'buddyholly.dds'),
							
			('GW_LOLLIPOP',	'GREAT_WORK_MUSIC',	'TXT_KEY_GW_LOLLIPOP',	'2D_CHORDETTES01',	'chordettes.dds'),
			('GW_MRSANDMAN',	'GREAT_WORK_MUSIC',	'TXT_KEY_GW_MRSANDMAN',	'2D_CHORDETTES02',	'chordettes.dds'),
							
			('GW_THETWIST',	'GREAT_WORK_MUSIC',	'TXT_KEY_GW_THETWIST',	'2D_CHUBBYCHECKER01',	'chubbychecker.dds'),
							
			('GW_JOHNNYBGOODE',	'GREAT_WORK_MUSIC',	'TXT_KEY_GW_JOHNNYBGOODE',	'2D_CHUCKBERRY01',	'chuckberry.dds'),
							
			('GW_FORTUNATESON',	'GREAT_WORK_MUSIC',	'TXT_KEY_GW_FORTUNATESON',	'2D_CCR01',	'willyandthepoorboys.dds'),
							
			('GW_RUNAROUNDSUE',	'GREAT_WORK_MUSIC',	'TXT_KEY_GW_RUNAROUNDSUE',	'2D_DIONDIMUCCI01',	'runaroundsue.dds'),
			('GW_THEWANDERER',	'GREAT_WORK_MUSIC',	'TXT_KEY_GW_THEWANDERER',	'2D_DIONDIMUCCI02',	'runaroundsue.dds'),
							
			('GW_AMERICANPIE',	'GREAT_WORK_MUSIC',	'TXT_KEY_GW_AMERICANPIE',	'2D_DONMCLEAN01',	'americanpie.dds'),
							
			('GW_PEOPLEARESTRANGE',	'GREAT_WORK_MUSIC',	'TXT_KEY_GW_PEOPLEARESTRANGE',	'2D_DOORS01',	'doors.dds'),
							
			('GW_HOTELCALIFORNIA',	'GREAT_WORK_MUSIC',	'TXT_KEY_GW_HOTELCALIFORNIA',	'2D_EAGLES01',	'eagles.dds'),
							
			('GW_LESSTHANZERO',	'GREAT_WORK_MUSIC',	'TXT_KEY_GW_LESSTHANZERO',	'2D_ELVISCOSTELLO01',	'myaimistrue.dds'),
			('GW_WATCHINGTHEDETECTIVES',	'GREAT_WORK_MUSIC',	'TXT_KEY_GW_WATCHINGTHEDETECTIVES',	'2D_ELVISCOSTELLO02',	'myaimistrue.dds'),
							
			('GW_ALITTLELESSCONVERSATION',	'GREAT_WORK_MUSIC',	'TXT_KEY_GW_ALITTLELESSCONVERSATION',	'2D_ELVIS01',	'almostinlove.dds'),
			('GW_ALLSHOOKUP',	'GREAT_WORK_MUSIC',	'TXT_KEY_GW_ALLSHOOKUP',	'2D_ELVIS02',	'elvisrock.dds'),
			('GW_HOUNDDOG',	'GREAT_WORK_MUSIC',	'TXT_KEY_GW_HOUNDDOG',	'2D_ELVIS03',	'elvisrock.dds'),
			('GW_JAILHOUSEROCK',	'GREAT_WORK_MUSIC',	'TXT_KEY_GW_JAILHOUSEROCK',	'2D_ELVIS04',	'elvisrock.dds'),
							
			('GW_THEFINALCOUNTDOWN',	'GREAT_WORK_MUSIC',	'TXT_KEY_GW_THEFINALCOUNTDOWN',	'2D_EUROPE01',	'finalcountdown.dds'),
							
			('GW_SLOWRIDE',	'GREAT_WORK_MUSIC',	'TXT_KEY_GW_SLOWRIDE',	'2D_FOGHAT01',	'foghat.dds'),
							
			('GW_EVERLONG',	'GREAT_WORK_MUSIC',	'TXT_KEY_GW_EVERLONG',	'2D_FOOFIGHTERS01',	'colourandtheshape.dds'),
							
			('GW_BIGGIRLSDONTCRY',	'GREAT_WORK_MUSIC',	'TXT_KEY_GW_BIGGIRLSDONTCRY',	'2D_FOURSEASONS01',	'sherry.dds'),
			('GW_BIGMANINTOWN',	'GREAT_WORK_MUSIC',	'TXT_KEY_GW_BIGMANINTOWN',	'2D_FOURSEASONS02',	'fourseasons.dds'),
			('GW_SHERRY',	'GREAT_WORK_MUSIC',	'TXT_KEY_GW_SHERRY',	'2D_FOURSEASONS03',	'sherry.dds'),
			('GW_WALKLIKEAMAN',	'GREAT_WORK_MUSIC',	'TXT_KEY_GW_WALKLIKEAMAN',	'2D_FOURSEASONS04',	'fourseasons.dds'),
							
			('GW_ALLTHINGSMUSTPASS',	'GREAT_WORK_MUSIC',	'TXT_KEY_GW_ALLTHINGSMUSTPASS',	'2D_GEORGEHARRISON01',	'allthingsmustpass.dds'),
			('GW_ARTOFDYING',	'GREAT_WORK_MUSIC',	'TXT_KEY_GW_ARTOFDYING',	'2D_GEORGEHARRISON02',	'allthingsmustpass.dds'),
			('GW_BEHINDTHATLOCKEDDOOR',	'GREAT_WORK_MUSIC',	'TXT_KEY_GW_BEHINDTHATLOCKEDDOOR',	'2D_GEORGEHARRISON03',	'allthingsmustpass.dds'),
			('GW_BEWAREOFDARKNESS',	'GREAT_WORK_MUSIC',	'TXT_KEY_GW_BEWAREOFDARKNESS',	'2D_GEORGEHARRISON04',	'allthingsmustpass.dds'),
			('GW_BRAINWASHED',	'GREAT_WORK_MUSIC',	'TXT_KEY_GW_BRAINWASHED',	'2D_GEORGEHARRISON05',	'brainwashed.dds'),
			('GW_HEARMELORD',	'GREAT_WORK_MUSIC',	'TXT_KEY_GW_HEARMELORD',	'2D_GEORGEHARRISON06',	'allthingsmustpass.dds'),
			('GW_IFNOTFORYOU',	'GREAT_WORK_MUSIC',	'TXT_KEY_GW_IFNOTFORYOU',	'2D_GEORGEHARRISON07',	'allthingsmustpass.dds'),
			('GW_ISNTITAPITY',	'GREAT_WORK_MUSIC',	'TXT_KEY_GW_ISNTITAPITY',	'2D_GEORGEHARRISON08',	'allthingsmustpass.dds'),
			('GW_LIFEITSELF',	'GREAT_WORK_MUSIC',	'TXT_KEY_GW_LIFEITSELF',	'2D_GEORGEHARRISON09',	'somewhereinengland.dds'),
			('GW_MYSWEETLORD',	'GREAT_WORK_MUSIC',	'TXT_KEY_GW_MYSWEETLORD',	'2D_GEORGEHARRISON10',	'allthingsmustpass.dds'),
							
			('GW_YOUMAKEMYDREAMS',	'GREAT_WORK_MUSIC',	'TXT_KEY_GW_YOUMAKEMYDREAMS',	'2D_HALLOATES01',	'voices.dds'),
							
			('GW_LONGCOOLWOMAN',	'GREAT_WORK_MUSIC',	'TXT_KEY_GW_LONGCOOLWOMAN',	'2D_HOLLIES01',	'distantlight.dds'),
							
			('GW_HALLELUJAH',	'GREAT_WORK_MUSIC',	'TXT_KEY_GW_HALLELUJAH',	'2D_JEFFBUCKLEY01',	'grace.dds'),
							
			('GW_ALLALONGTHEWATCHTOWER',	'GREAT_WORK_MUSIC',	'TXT_KEY_GW_ALLALONGTHEWATCHTOWER',	'2D_HENDRIX01',	'electricladyland.dds'),
			('GW_AREYOUEXPERIENCED',	'GREAT_WORK_MUSIC',	'TXT_KEY_GW_AREYOUEXPERIENCED',	'2D_HENDRIX02',	'areyouexperienced.dds'),
			('GW_ASTROMAN',	'GREAT_WORK_MUSIC',	'TXT_KEY_GW_ASTROMAN',	'2D_HENDRIX03',	'cryoflove.dds'),
			('GW_EZYRIDER',	'GREAT_WORK_MUSIC',	'TXT_KEY_GW_EZYRIDER',	'2D_HENDRIX04',	'cryoflove.dds'),
			('GW_HEYJOE',	'GREAT_WORK_MUSIC',	'TXT_KEY_GW_HEYJOE',	'2D_HENDRIX05',	'areyouexperienced.dds'),
							
			('GW_GIVEPEACEACHANCE',	'GREAT_WORK_MUSIC',	'TXT_KEY_GW_GIVEPEACEACHANCE',	'2D_LENNON01',	'johnlennon.dds'),
			('GW_GOD',	'GREAT_WORK_MUSIC',	'TXT_KEY_GW_GOD',	'2D_LENNON02',	'johnlennon.dds'),
			('GW_IMAGINE',	'GREAT_WORK_MUSIC',	'TXT_KEY_GW_IMAGINE',	'2D_LENNON03',	'imagine.dds'),
			('GW_WORKINGCLASSHERO',	'GREAT_WORK_MUSIC',	'TXT_KEY_GW_WORKINGCLASSHERO',	'2D_LENNON04',	'johnlennon.dds'),
							
			('GW_EARTHANGEL',	'GREAT_WORK_MUSIC',	'TXT_KEY_GW_EARTHANGEL',	'2D_JOHNNYTILLOTSON01',	'johnnytillotson.dds'),
							
			('GW_DONTSTOPBELIEVIN',	'GREAT_WORK_MUSIC',	'TXT_KEY_GW_DONTSTOPBELIEVIN',	'2D_JOURNEY01',	'escape.dds'),
			('GW_OPENARMS',	'GREAT_WORK_MUSIC',	'TXT_KEY_GW_OPENARMS',	'2D_JOURNEY02',	'escape.dds'),
							
			('GW_ISOLATION',	'GREAT_WORK_MUSIC',	'TXT_KEY_GW_ISOLATION',	'2D_JOYDIVISION01',	'closer.dds'),
			('GW_SHADOWPLAY',	'GREAT_WORK_MUSIC',	'TXT_KEY_GW_SHADOWPLAY',	'2D_JOYDIVISION02',	'unknownpleasures.dds'),
							
			('GW_CARRYONWAYWARDSON',	'GREAT_WORK_MUSIC',	'TXT_KEY_GW_CARRYONWAYWARDSON',	'2D_KANSAS01',	'leftoverture.dds'),
			('GW_DUSTINTHEWIND',	'GREAT_WORK_MUSIC',	'TXT_KEY_GW_DUSTINTHEWIND',	'2D_KANSAS02',	'pointofknowreturn.dds'),
							
			('GW_DYERMAKER',	'GREAT_WORK_MUSIC',	'TXT_KEY_GW_DYERMAKER',	'2D_ZEPPELIN01',	'housesoftheholy.dds'),
			('GW_HEARTBREAKER',	'GREAT_WORK_MUSIC',	'TXT_KEY_GW_HEARTBREAKER',	'2D_ZEPPELIN02',	'ledzeppelinii.dds'),
			('GW_IMMIGRANTSONG',	'GREAT_WORK_MUSIC',	'TXT_KEY_GW_IMMIGRANTSONG',	'2D_ZEPPELIN03',	'ledzeppeliniii.dds'),
			('GW_KASHMIR',	'GREAT_WORK_MUSIC',	'TXT_KEY_GW_KASHMIR',	'2D_ZEPPELIN04',	'physicalgraffiti.dds'),
			('GW_STAIRWAYTOHEAVEN',	'GREAT_WORK_MUSIC',	'TXT_KEY_GW_STAIRWAYTOHEAVEN',	'2D_ZEPPELIN05',	'ledzeppeliniv.dds'),
			('GW_WHENTHELEVEEBREAKS',	'GREAT_WORK_MUSIC',	'TXT_KEY_GW_WHENTHELEVEEBREAKS',	'2D_ZEPPELIN06',	'ledzeppeliniv.dds'),
							
			('GW_FREEBIRD',	'GREAT_WORK_MUSIC',	'TXT_KEY_GW_FREEBIRD',	'2D_LYNYRDSKYNRYD01',	'pronounced.dds'),
			('GW_SIMPLEMAN',	'GREAT_WORK_MUSIC',	'TXT_KEY_GW_SIMPLEMAN',	'2D_LYNYRDSKYNRYD02',	'pronounced.dds'),
							
			('GW_IWANNABEFREE',	'GREAT_WORK_MUSIC',	'TXT_KEY_GW_IWANNABEFREE',	'2D_MONKEES01',	'monkees.dds'),
			('GW_IMABELIEVER',	'GREAT_WORK_MUSIC',	'TXT_KEY_GW_IMABELIEVER',	'2D_MONKEES02',	'moreofthemonkees.dds'),
							
			('GW_INTHESUMMERTIME',	'GREAT_WORK_MUSIC',	'TXT_KEY_GW_INTHESUMMERTIME',	'2D_MUNGOJERRY01',	'electronicallytested.dds'),
							
			('GW_SWEETCAROLINE',	'GREAT_WORK_MUSIC',	'TXT_KEY_GW_SWEETCAROLINE',	'2D_NEILDIAMOND01',	'brotherlovestravelingsalvation.dds'),
							
			('GW_COMEASYOUARE',	'GREAT_WORK_MUSIC',	'TXT_KEY_GW_COMEASYOUARE',	'2D_NIRVANA01',	'nevermind.dds'),
			('GW_HEARTSHAPEDBOX',	'GREAT_WORK_MUSIC',	'TXT_KEY_GW_HEARTSHAPEDBOX',	'2D_NIRVANA02',	'inutero.dds'),
			('GW_SMELLSLIKETEENSPIRIT',	'GREAT_WORK_MUSIC',	'TXT_KEY_GW_SMELLSLIKETEENSPIRIT',	'2D_NIRVANA03',	'nevermind.dds'),
			('GW_SOMETHINGINTHEWAY',	'GREAT_WORK_MUSIC',	'TXT_KEY_GW_SOMETHINGINTHEWAY',	'2D_NIRVANA04',	'nevermind.dds'),
							
			('GW_SPIRITINTHESKY',	'GREAT_WORK_MUSIC',	'TXT_KEY_GW_SPIRITINTHESKY',	'2D_NORMANGREENBAUM01',	'spiritinthesky.dds'),
							
			('GW_SITTINONTHEDOCKOFTHEBAY',	'GREAT_WORK_MUSIC',	'TXT_KEY_GW_SITTINONTHEDOCKOFTHEBAY',	'2D_OTISREDDING01',	'dockofthebay.dds'),
							
			('GW_BANDONTHERUN',	'GREAT_WORK_MUSIC',	'TXT_KEY_GW_BANDONTHERUN',	'2D_MCCARTNEY01',	'bandontherun.dds'),
			('GW_JUNK',	'GREAT_WORK_MUSIC',	'TXT_KEY_GW_JUNK',	'2D_MCCARTNEY02',	'mccartney.dds'),
			('GW_LIVEANDLETDIE',	'GREAT_WORK_MUSIC',	'TXT_KEY_GW_LIVEANDLETDIE',	'2D_MCCARTNEY03',	'paulmccartney.dds'),
			('GW_MAYBEIMAMAZED',	'GREAT_WORK_MUSIC',	'TXT_KEY_GW_MAYBEIMAMAZED',	'2D_MCCARTNEY04',	'mccartney.dds'),
			('GW_SILLYLOVESONGS',	'GREAT_WORK_MUSIC',	'TXT_KEY_GW_SILLYLOVESONGS',	'2D_MCCARTNEY05',	'speedofsound.dds'),
							
			('GW_BLACK',	'GREAT_WORK_MUSIC',	'TXT_KEY_GW_BLACK',	'2D_PEARLJAM01',	'ten.dds'),
			('GW_YELLOWLEADBETTER',	'GREAT_WORK_MUSIC',	'TXT_KEY_GW_YELLOWLEADBETTER',	'2D_PEARLJAM02',	'lostdogs.dds'),
							
			('GW_BRAINDAMAGE',	'GREAT_WORK_MUSIC',	'TXT_KEY_GW_BRAINDAMAGE',	'2D_PINKFLOYD01',	'darksideofthemoon.dds'),
			('GW_MONEY',	'GREAT_WORK_MUSIC',	'TXT_KEY_GW_MONEY',	'2D_PINKFLOYD02',	'darksideofthemoon.dds'),
			('GW_TIME',	'GREAT_WORK_MUSIC',	'TXT_KEY_GW_TIME',	'2D_PINKFLOYD03',	'darksideofthemoon.dds'),
			('GW_COMFORTABLYNUMB',	'GREAT_WORK_MUSIC',	'TXT_KEY_GW_COMFORTABLYNUMB',	'2D_PINKFLOYD04',	'pinkfloyd_wall.dds'),
			('GW_COMINGBACKTOLIFE',	'GREAT_WORK_MUSIC',	'TXT_KEY_GW_COMINGBACKTOLIFE',	'2D_PINKFLOYD05',	'divisionbell.dds'),
			('GW_WISHYOUWEREHERE',	'GREAT_WORK_MUSIC',	'TXT_KEY_GW_WISHYOUWEREHERE',	'2D_PINKFLOYD06',	'wishyouwerehere.dds'),
			('GW_TRIAL',	'GREAT_WORK_MUSIC',	'TXT_KEY_GW_TRIAL',	'2D_PINKFLOYD07',	'pinkfloyd_wall.dds'),
							
			('GW_ROXANNE',	'GREAT_WORK_MUSIC',	'TXT_KEY_GW_ROXANNE',	'2D_POLICE01',	'outlandos.dds'),
							
			('GW_ANOTHERONEBITESTHEDUST',	'GREAT_WORK_MUSIC',	'TXT_KEY_GW_ANOTHERONEBITESTHEDUST',	'2D_QUEEN01',	'game.dds'),
			('GW_BICYCLERACE',	'GREAT_WORK_MUSIC',	'TXT_KEY_GW_BICYCLERACE',	'2D_QUEEN02',	'jazz.dds'),
			('GW_BOHEMIANRHAPSODY',	'GREAT_WORK_MUSIC',	'TXT_KEY_GW_BOHEMIANRHAPSODY',	'2D_QUEEN03',	'nightattheopera.dds'),
			('GW_DONTSTOPMENOW',	'GREAT_WORK_MUSIC',	'TXT_KEY_GW_DONTSTOPMENOW',	'2D_QUEEN04',	'jazz.dds'),
			('GW_FATBOTTOMEDGIRLS',	'GREAT_WORK_MUSIC',	'TXT_KEY_GW_FATBOTTOMEDGIRLS',	'2D_QUEEN05',	'jazz.dds'),
			('GW_IFYOUCANTBEATTHEM',	'GREAT_WORK_MUSIC',	'TXT_KEY_GW_IFYOUCANTBEATTHEM',	'2D_QUEEN06',	'jazz.dds'),
			('GW_ISTHISTHEWORLDWECREATED',	'GREAT_WORK_MUSIC',	'TXT_KEY_GW_ISTHISTHEWORLDWECREATED',	'2D_QUEEN07',	'works.dds'),
			('GW_KILLERQUEEN',	'GREAT_WORK_MUSIC',	'TXT_KEY_GW_KILLERQUEEN',	'2D_QUEEN08',	'sheerheartattack.dds'),
			('GW_RADIOGAGA',	'GREAT_WORK_MUSIC',	'TXT_KEY_GW_RADIOGAGA',	'2D_QUEEN09',	'works.dds'),
			('GW_UNDERPRESSURE',	'GREAT_WORK_MUSIC',	'TXT_KEY_GW_UNDERPRESSURE',	'2D_QUEEN10',	'hotspace.dds'),
			('GW_WEARETHECHAMPIONS',	'GREAT_WORK_MUSIC',	'TXT_KEY_GW_WEARETHECHAMPIONS',	'2D_QUEEN11',	'newsoftheworld.dds'),
			('GW_WEWILLROCKYOU',	'GREAT_WORK_MUSIC',	'TXT_KEY_GW_WEWILLROCKYOU',	'2D_QUEEN12',	'newsoftheworld.dds'),
			('GW_YOUREMYBESTFRIEND',	'GREAT_WORK_MUSIC',	'TXT_KEY_GW_YOUREMYBESTFRIEND',	'2D_QUEEN13',	'nightattheopera.dds'),
							
			('GW_CREEP',	'GREAT_WORK_MUSIC',	'TXT_KEY_GW_CREEP',	'2D_RADIOHEAD01',	'pablohoney.dds'),
							
			('GW_LABAMBA',	'GREAT_WORK_MUSIC',	'TXT_KEY_GW_LABAMBA',	'2D_RITCHIEVALENS01',	'ritchievalens.dds'),
			('GW_WEBELONGTOGETHER',	'GREAT_WORK_MUSIC',	'TXT_KEY_GW_WEBELONGTOGETHER',	'2D_RITCHIEVALENS02',	'ritchievalens.dds'),
							
			('GW_ICANTGETNOSATISFACTION',	'GREAT_WORK_MUSIC',	'TXT_KEY_GW_ICANTGETNOSATISFACTION',	'2D_ROLLINGSTONES01',	'fortylicks.dds'),
			('GW_BEASTOFBURDEN',	'GREAT_WORK_MUSIC',	'TXT_KEY_GW_BEASTOFBURDEN',	'2D_ROLLINGSTONES02',	'fortylicks.dds'),
			('GW_GIMMESHELTER',	'GREAT_WORK_MUSIC',	'TXT_KEY_GW_GIMMESHELTER',	'2D_ROLLINGSTONES03',	'letitbleed.dds'),
			('GW_PAINTITBLACK',	'GREAT_WORK_MUSIC',	'TXT_KEY_GW_PAINTITBLACK',	'2D_ROLLINGSTONES04',	'fortylicks.dds'),
			('GW_SYMPATHYFORTHEDEVIL',	'GREAT_WORK_MUSIC',	'TXT_KEY_GW_SYMPATHYFORTHEDEVIL',	'2D_ROLLINGSTONES05',	'beggarsbanquet.dds'),
			('GW_YOUCANTALWAYSGETWHATYOUWANT',	'GREAT_WORK_MUSIC',	'TXT_KEY_GW_YOUCANTALWAYSGETWHATYOUWANT',	'2D_ROLLINGSTONES06',	'letitbleed.dds'),
							
			('GW_PRETTYWOMAN',	'GREAT_WORK_MUSIC',	'TXT_KEY_GW_PRETTYWOMAN',	'2D_ROYORBISON01',	'orbisongs.dds'),
							
			('GW_BYTORANDTHESNOWDOG',	'GREAT_WORK_MUSIC',	'TXT_KEY_GW_BYTORANDTHESNOWDOG',	'2D_RUSH01',	'flybynight.dds'),
			('GW_LIMELIGHT',	'GREAT_WORK_MUSIC',	'TXT_KEY_GW_LIMELIGHT',	'2D_RUSH02',	'movingpictures.dds'),
			('GW_REDBARCHETTA',	'GREAT_WORK_MUSIC',	'TXT_KEY_GW_REDBARCHETTA',	'2D_RUSH03',	'movingpictures.dds'),
			('GW_THEFOUNTAINOFLAMNETHI',	'GREAT_WORK_MUSIC',	'TXT_KEY_GW_THEFOUNTAINOFLAMNETHI',	'2D_RUSH04',	'caressofsteel.dds'),
			('GW_THEFOUNTAINOFLAMNETHII',	'GREAT_WORK_MUSIC',	'TXT_KEY_GW_THEFOUNTAINOFLAMNETHII',	'2D_RUSH05',	'caressofsteel.dds'),
			('GW_THEFOUNTAINOFLAMNETHIII',	'GREAT_WORK_MUSIC',	'TXT_KEY_GW_THEFOUNTAINOFLAMNETHIII',	'2D_RUSH06',	'caressofsteel.dds'),
			('GW_THEFOUNTAINOFLAMNETHIV',	'GREAT_WORK_MUSIC',	'TXT_KEY_GW_THEFOUNTAINOFLAMNETHIV',	'2D_RUSH07',	'caressofsteel.dds'),
			('GW_THEFOUNTAINOFLAMNETHV',	'GREAT_WORK_MUSIC',	'TXT_KEY_GW_THEFOUNTAINOFLAMNETHV',	'2D_RUSH08',	'caressofsteel.dds'),
			('GW_THEFOUNTAINOFLAMNETHVI',	'GREAT_WORK_MUSIC',	'TXT_KEY_GW_THEFOUNTAINOFLAMNETHVI',	'2D_RUSH09',	'caressofsteel.dds'),
			('GW_THENECROMANCER',	'GREAT_WORK_MUSIC',	'TXT_KEY_GW_THENECROMANCER',	'2D_RUSH10',	'caressofsteel.dds'),
			('GW_TOMSAWYER',	'GREAT_WORK_MUSIC',	'TXT_KEY_GW_TOMSAWYER',	'2D_RUSH11',	'movingpictures.dds'),
			('GW_YYZ',	'GREAT_WORK_MUSIC',	'TXT_KEY_GW_YYZ',	'2D_RUSH12',	'movingpictures.dds'),
							
			('GW_WINDOFCHANGE',	'GREAT_WORK_MUSIC',	'TXT_KEY_GW_WINDOFCHANGE',	'2D_SCORPIONS01',	'crazyworld.dds'),
							
			('GW_BRIDGEOVERTROUBLEDWATER',	'GREAT_WORK_MUSIC',	'TXT_KEY_GW_BRIDGEOVERTROUBLEDWATER',	'2D_SIMONGARFUNKEL01',	'bridgeovertroubledwater.dds'),
			('GW_HOMEWARDBOUND',	'GREAT_WORK_MUSIC',	'TXT_KEY_GW_HOMEWARDBOUND',	'2D_SIMONGARFUNKEL02',	'parsleysage.dds'),
			('GW_THESOUNDSOFSILENCE',	'GREAT_WORK_MUSIC',	'TXT_KEY_GW_THESOUNDSOFSILENCE',	'2D_SIMONGARFUNKEL03',	'soundsofsilence.dds'),
							
			('GW_1979',	'GREAT_WORK_MUSIC',	'TXT_KEY_GW_1979',	'2D_SMASHINGPUMPKINS01',	'melloncollie.dds'),
			('GW_TONIGHTTONIGHT',	'GREAT_WORK_MUSIC',	'TXT_KEY_GW_TONIGHTTONIGHT',	'2D_SMASHINGPUMPKINS03',	'melloncollie.dds'),
							
			('GW_ASLEEP',	'GREAT_WORK_MUSIC',	'TXT_KEY_GW_ASLEEP',	'2D_SMITHS01',	'worldwontlisten.dds'),
			('GW_HOWSOONISNOW',	'GREAT_WORK_MUSIC',	'TXT_KEY_GW_HOWSOONISNOW',	'2D_SMITHS02',	'meatismurder.dds'),
			('GW_ISITREALLYSOSTRANGE',	'GREAT_WORK_MUSIC',	'TXT_KEY_GW_ISITREALLYSOSTRANGE',	'2D_SMITHS03',	'louderthanbombs.dds'),
			('GW_THEREISALIGHTTHATNEVERGOESOUT',	'GREAT_WORK_MUSIC',	'TXT_KEY_GW_THEREISALIGHTTHATNEVERGOESOUT',	'2D_SMITHS04',	'queenisdead.dds'),
							
			('GW_BLACKHOLESUN',	'GREAT_WORK_MUSIC',	'TXT_KEY_GW_BLACKHOLESUN',	'2D_SOUNDGARDEN01',	'superunknown.dds'),
							
			('GW_STUCKINTHEMIDDLEWITHYOU',	'GREAT_WORK_MUSIC',	'TXT_KEY_GW_STUCKINTHEMIDDLEWITHYOU',	'2D_STEALERSWHEEL01',	'stealerswheel.dds'),
							
			('GW_SHESSOHIGH',	'GREAT_WORK_MUSIC',	'TXT_KEY_GW_SHESSOHIGH',	'2D_TALBACHMAN01',	'talbachman.dds'),
							
			('GW_BOYSAREBACKINTOWN',	'GREAT_WORK_MUSIC',	'TXT_KEY_GW_BOYSAREBACKINTOWN',	'2D_THINLIZZY01',	'jailbreak.dds'),
			('GW_JAILBREAK',	'GREAT_WORK_MUSIC',	'TXT_KEY_GW_JAILBREAK',	'2D_THINLIZZY02',	'jailbreak.dds'),
							
			('GW_FREEFALLIN',	'GREAT_WORK_MUSIC',	'TXT_KEY_GW_FREEFALLIN',	'2D_TOMPETTY01',	'fullmoonfever.dds'),
			('GW_IWONTBACKDOWN',	'GREAT_WORK_MUSIC',	'TXT_KEY_GW_IWONTBACKDOWN',	'2D_TOMPETTY02',	'fullmoonfever.dds'),
							
			('GW_AFRICA',	'GREAT_WORK_MUSIC',	'TXT_KEY_GW_AFRICA',	'2D_TOTO01',	'totoiv.dds'),
							
			('GW_BROWNEYEDGIRL',	'GREAT_WORK_MUSIC',	'TXT_KEY_GW_BROWNEYEDGIRL',	'2D_VANMORRISON01',	'blowinyourmind.dds'),
							
			('GW_PINBALLWIZARD',	'GREAT_WORK_MUSIC',	'TXT_KEY_GW_PINBALLWIZARD',	'2D_WHO01',	'tommy.dds'),
							
			('GW_SUMMERTIME',	'GREAT_WORK_MUSIC',	'TXT_KEY_GW_SUMMERTIME',	'2D_ZOMBIES01',	'zombies.dds'),
			('GW_TIMEOFTHESEASON',	'GREAT_WORK_MUSIC',	'TXT_KEY_GW_TIMEOFTHESEASON',	'2D_ZOMBIES02',	'odesseyoracle.dds');

			
INSERT INTO Language_en_US
			(Tag,	Text)
VALUES		('TXT_KEY_GW_TAKEONME',	'Take On Me'),
				
			('TXT_KEY_GW_HIGHWAYTOHELL',	'Highway To Hell'),
			('TXT_KEY_GW_YOUSHOOKMEALLNIGHTLONG',	'You Shook Me All Night Long'),
				
			('TXT_KEY_GW_DREAMON',	'Dream On'),
			('TXT_KEY_GW_WALKTHISWAY',	'Walk This Way'),
				
			('TXT_KEY_GW_THEHOUSEOFTHERISINGSUN',	'The House of the Rising Sun'),
				
			('TXT_KEY_GW_ISHALLBERELEASED',	'I Shall Be Released'),
				
			('TXT_KEY_GW_WOULDNTITBENICE',	'Wouldn''t It Be Nice'),
				
			('TXT_KEY_GW_ADAYINTHELIFE',	'A Day In The Life'),
			('TXT_KEY_GW_AHARDDAYSNIGHT',	'A Hard Days Night'),
			('TXT_KEY_GW_ACROSSTHEUNIVERSE',	'Across The Universe'),
			('TXT_KEY_GW_BECAUSE',	'Because'),
			('TXT_KEY_GW_CANTBUYMELOVE',	'Can''t Buy Me Love'),
			('TXT_KEY_GW_COMETOGETHER',	'Come Together'),
			('TXT_KEY_GW_DAYTRIPPER',	'Day Tripper'),
			('TXT_KEY_GW_DONTLETMEDOWN',	'Don''t Let Me Down'),
			('TXT_KEY_GW_EIGHTDAYSAWEEK',	'Eight Days A Week'),
			('TXT_KEY_GW_ELEANORRIGBY',	'Eleanor Rigby'),
			('TXT_KEY_GW_FOOLONTHEHILL',	'The Fool On The Hill'),
			('TXT_KEY_GW_HAPPINESSISAWARMGUN',	'Happiness Is A Warm Gun'),
			('TXT_KEY_GW_HELP',	'Help!'),
			('TXT_KEY_GW_HELTERSKELTER',	'Helter Skelter'),
			('TXT_KEY_GW_HERECOMESTHESUN',	'Here Comes The Sun'),
			('TXT_KEY_GW_HEYJUDE',	'Hey Jude'),
			('TXT_KEY_GW_IWANTTOHOLDYOURHAND',	'I Want To Hold Your Hand'),
			('TXT_KEY_GW_ILLFOLLOWTHESUN',	'I''ll Follow The Sun'),
			('TXT_KEY_GW_IMINLOVE',	'I''m in Love'),
			('TXT_KEY_GW_INMYLIFE',	'In My Life'),
			('TXT_KEY_GW_LETITBE',	'Let It Be'),
			('TXT_KEY_GW_LUCYINTHESKYWITHDIAMONDS',	'Lucy in The Sky with Diamonds'),
			('TXT_KEY_GW_OCTOPUSGARDEN',	'Octopus''s Garden'),
			('TXT_KEY_GW_PENNYLANE',	'Penny Lane'),
			('TXT_KEY_GW_REVOLUTION',	'Revolution'),
			('TXT_KEY_GW_SAVOYTRUFFLE',	'Savoy Truffle'),
			('TXT_KEY_GW_SGTPEPPERSLONELYHEARTSCLUBBAND',	'Sgt. Pepper''s Lonely Hearts Club Band'),
			('TXT_KEY_GW_SOMETHING',	'Something'),
			('TXT_KEY_GW_STRAWBERRYFIELDSFOREVER',	'Strawberry Fields Forever'),
			('TXT_KEY_GW_THELONGANDWINDINGROAD',	'The Long And Winding Road'),
			('TXT_KEY_GW_TICKETTORIDE',	'Ticket To Ride'),
			('TXT_KEY_GW_TWISTANDSHOUT',	'Twist And Shout'),
			('TXT_KEY_GW_WHILEMYGUITARGENTLYWEEPS',	'While My Guitar Gently Weeps'),
			('TXT_KEY_GW_YESTERDAY',	'Yesterday'),
			('TXT_KEY_GW_YELLOWSUBMARINE',	'Yellow Submarine'),
				
			('TXT_KEY_GW_ITSMYLIFE',	'It''s My Life'),
				
			('TXT_KEY_GW_MORETHANAFEELING',	'More Than A Feeling'),
			('TXT_KEY_GW_PEACEOFMIND',	'Peace Of Mind'),
				
			('TXT_KEY_GW_EVERYDAY',	'Everyday'),
			('TXT_KEY_GW_PEGGYSUE',	'Peggy Sue'),
			('TXT_KEY_GW_THATLLBETHEDAY',	'That''ll Be The Day'),
			('TXT_KEY_GW_WORDSOFLOVE',	'Words of Love'),
				
			('TXT_KEY_GW_LOLLIPOP',	'Lollipop'),
			('TXT_KEY_GW_MRSANDMAN',	'Mr. Sandman'),
				
			('TXT_KEY_GW_THETWIST',	'The Twist'),
				
			('TXT_KEY_GW_JOHNNYBGOODE',	'Johnny B. Goode'),
				
			('TXT_KEY_GW_FORTUNATESON',	'Fortunate Son'),
				
			('TXT_KEY_GW_RUNAROUNDSUE',	'Runaround Sue'),
			('TXT_KEY_GW_THEWANDERER',	'The Wanderer'),
				
			('TXT_KEY_GW_AMERICANPIE',	'American Pie'),
				
			('TXT_KEY_GW_PEOPLEARESTRANGE',	'People Are Strange'),
				
			('TXT_KEY_GW_HOTELCALIFORNIA',	'Hotel California'),
				
			('TXT_KEY_GW_LESSTHANZERO',	'Less Than Zero'),
			('TXT_KEY_GW_WATCHINGTHEDETECTIVES',	'Watching The Detectives'),
				
			('TXT_KEY_GW_ALITTLELESSCONVERSATION',	'A Little Less Conversation'),
			('TXT_KEY_GW_ALLSHOOKUP',	'All Shook Up'),
			('TXT_KEY_GW_HOUNDDOG',	'Hound Dog'),
			('TXT_KEY_GW_JAILHOUSEROCK',	'Jailhouse Rock'),
				
			('TXT_KEY_GW_THEFINALCOUNTDOWN',	'The Final Countdown'),
				
			('TXT_KEY_GW_SLOWRIDE',	'Slow Ride'),
				
			('TXT_KEY_GW_EVERLONG',	'Everlong'),
				
			('TXT_KEY_GW_BIGGIRLSDONTCRY',	'Big Girls Don''t Cry'),
			('TXT_KEY_GW_BIGMANINTOWN',	'Big Man In Town'),
			('TXT_KEY_GW_SHERRY',	'Sherry'),
			('TXT_KEY_GW_WALKLIKEAMAN',	'Walk Like A Man'),
				
			('TXT_KEY_GW_ALLTHINGSMUSTPASS',	'All Things Must Pass'),
			('TXT_KEY_GW_ARTOFDYING',	'Art of Dying'),
			('TXT_KEY_GW_BEHINDTHATLOCKEDDOOR',	'Behind That Locked Door'),
			('TXT_KEY_GW_BEWAREOFDARKNESS',	'Beware of Darkness'),
			('TXT_KEY_GW_BRAINWASHED',	'Brainwashed'),
			('TXT_KEY_GW_HEARMELORD',	'Hear Me Lord'),
			('TXT_KEY_GW_IFNOTFORYOU',	'If Not For You'),
			('TXT_KEY_GW_ISNTITAPITY',	'Isn''t It A Pity'),
			('TXT_KEY_GW_LIFEITSELF',	'Life Itself'),
			('TXT_KEY_GW_MYSWEETLORD',	'My Sweet Lord'),
				
			('TXT_KEY_GW_YOUMAKEMYDREAMS',	'You Make My Dreams'),
				
			('TXT_KEY_GW_LONGCOOLWOMAN',	'Long Cool Woman'),
				
			('TXT_KEY_GW_HALLELUJAH',	'Hallelujah'),
				
			('TXT_KEY_GW_ALLALONGTHEWATCHTOWER',	'All Along The Watchtower'),
			('TXT_KEY_GW_AREYOUEXPERIENCED',	'Are You Experienced?'),
			('TXT_KEY_GW_ASTROMAN',	'Astro Man'),
			('TXT_KEY_GW_EZYRIDER',	'Ezy Rider'),
			('TXT_KEY_GW_HEYJOE',	'Hey Joe'),
				
			('TXT_KEY_GW_GIVEPEACEACHANCE',	'Give Peace A Chance'),
			('TXT_KEY_GW_GOD',	'God'),
			('TXT_KEY_GW_IMAGINE',	'Imagine'),
			('TXT_KEY_GW_WORKINGCLASSHERO',	'Working Class Hero'),
				
			('TXT_KEY_GW_EARTHANGEL',	'Earth Angel'),
				
			('TXT_KEY_GW_DONTSTOPBELIEVIN',	'Don''t Stop Believin'''),
			('TXT_KEY_GW_OPENARMS',	'Open Arms'),
				
			('TXT_KEY_GW_ISOLATION',	'Isolation'),
			('TXT_KEY_GW_SHADOWPLAY',	'Shadowplay'),
				
			('TXT_KEY_GW_CARRYONWAYWARDSON',	'Carry On Wayward Son'),
			('TXT_KEY_GW_DUSTINTHEWIND',	'Dust in the Wind'),
				
			('TXT_KEY_GW_DYERMAKER',	'D''yer Maker'),
			('TXT_KEY_GW_HEARTBREAKER',	'Heartbreaker'),
			('TXT_KEY_GW_IMMIGRANTSONG',	'Immigrant Song'),
			('TXT_KEY_GW_KASHMIR',	'Kashmir'),
			('TXT_KEY_GW_STAIRWAYTOHEAVEN',	'Stairway To Heaven'),
			('TXT_KEY_GW_WHENTHELEVEEBREAKS',	'When the Levee Breaks'),
				
			('TXT_KEY_GW_FREEBIRD',	'Free Bird'),
			('TXT_KEY_GW_SIMPLEMAN',	'Simple Man'),
				
			('TXT_KEY_GW_IWANNABEFREE',	'I Wanna Be Free'),
			('TXT_KEY_GW_IMABELIEVER',	'I''m A Believer'),
				
			('TXT_KEY_GW_INTHESUMMERTIME',	'In The Summertime'),
				
			('TXT_KEY_GW_SWEETCAROLINE',	'Sweet Caroline'),
				
			('TXT_KEY_GW_COMEASYOUARE',	'Come As You Are'),
			('TXT_KEY_GW_HEARTSHAPEDBOX',	'Heart Shaped Box'),
			('TXT_KEY_GW_SMELLSLIKETEENSPIRIT',	'Smells Like Teen Spirit'),
			('TXT_KEY_GW_SOMETHINGINTHEWAY',	'Something In The Way'),
				
			('TXT_KEY_GW_SPIRITINTHESKY',	'Spirit In The Sky'),
				
			('TXT_KEY_GW_SITTINONTHEDOCKOFTHEBAY',	'Sittin'' On The Dock Of The Bay'),
				
			('TXT_KEY_GW_BANDONTHERUN',	'Band On The Run'),
			('TXT_KEY_GW_JUNK',	'Junk'),
			('TXT_KEY_GW_LIVEANDLETDIE',	'Live and Let Die'),
			('TXT_KEY_GW_MAYBEIMAMAZED',	'Maybe I''m Amazed'),
			('TXT_KEY_GW_SILLYLOVESONGS',	'Silly Love Songs'),
				
			('TXT_KEY_GW_BLACK',	'Black'),
			('TXT_KEY_GW_YELLOWLEADBETTER',	'Yellow Leadbetter'),
				
			('TXT_KEY_GW_BRAINDAMAGE',	'Brain Damage'),
			('TXT_KEY_GW_MONEY',	'Money'),
			('TXT_KEY_GW_TIME',	'Time'),
			('TXT_KEY_GW_COMFORTABLYNUMB',	'Comfortably Numb'),
			('TXT_KEY_GW_COMINGBACKTOLIFE',	'Coming Back To Life'),
			('TXT_KEY_GW_WISHYOUWEREHERE',	'Wish You Were Here'),
			('TXT_KEY_GW_TRIAL',	'The Trial'),
				
			('TXT_KEY_GW_ROXANNE',	'Roxanne'),
				
			('TXT_KEY_GW_ANOTHERONEBITESTHEDUST',	'Another One Bites the Dust'),
			('TXT_KEY_GW_BICYCLERACE',	'Bicycle Race'),
			('TXT_KEY_GW_BOHEMIANRHAPSODY',	'Bohemian Rhapsody'),
			('TXT_KEY_GW_DONTSTOPMENOW',	'Don''t Stop Me Now'),
			('TXT_KEY_GW_FATBOTTOMEDGIRLS',	'Fat Bottomed Girls'),
			('TXT_KEY_GW_IFYOUCANTBEATTHEM',	'If You Can''t Beat Them'),
			('TXT_KEY_GW_ISTHISTHEWORLDWECREATED',	'Is This The World We Created'),
			('TXT_KEY_GW_KILLERQUEEN',	'Killer Queen'),
			('TXT_KEY_GW_RADIOGAGA',	'Radio Ga Ga'),
			('TXT_KEY_GW_UNDERPRESSURE',	'Under Pressure'),
			('TXT_KEY_GW_WEARETHECHAMPIONS',	'We Are The Champions'),
			('TXT_KEY_GW_WEWILLROCKYOU',	'We Will Rock You'),
			('TXT_KEY_GW_YOUREMYBESTFRIEND',	'You''re My Best Friend'),
				
			('TXT_KEY_GW_CREEP',	'Creep'),
				
			('TXT_KEY_GW_CANTSTOP',	'Can''t Stop'),
			('TXT_KEY_GW_STADIUMARCADIUM',	'Stadium Arcadium'),
				
			('TXT_KEY_GW_LABAMBA',	'La Bamba'),
			('TXT_KEY_GW_WEBELONGTOGETHER',	'We Belong Together'),
				
			('TXT_KEY_GW_ICANTGETNOSATISFACTION',	'I Can''t Get No Satisfaction'),
			('TXT_KEY_GW_BEASTOFBURDEN',	'Beast of Burden'),
			('TXT_KEY_GW_GIMMESHELTER',	'Gimme Shelter'),
			('TXT_KEY_GW_PAINTITBLACK',	'Paint It Black'),
			('TXT_KEY_GW_SYMPATHYFORTHEDEVIL',	'Sympathy For the Devil'),
			('TXT_KEY_GW_YOUCANTALWAYSGETWHATYOUWANT',	'You Can''t Always Get What You Want'),
				
			('TXT_KEY_GW_PRETTYWOMAN',	'Pretty Woman'),
				
			('TXT_KEY_GW_BYTORANDTHESNOWDOG',	'By-Tor And The Snow Dog'),
			('TXT_KEY_GW_LIMELIGHT',	'Limelight'),
			('TXT_KEY_GW_REDBARCHETTA',	'Red Barchetta'),
			('TXT_KEY_GW_THEFOUNTAINOFLAMNETHI',	'The Fountain of Lamneth I'),
			('TXT_KEY_GW_THEFOUNTAINOFLAMNETHII',	'The Fountain of Lamneth II'),
			('TXT_KEY_GW_THEFOUNTAINOFLAMNETHIII',	'The Fountain of Lamneth III'),
			('TXT_KEY_GW_THEFOUNTAINOFLAMNETHIV',	'The Fountain of Lamneth IV'),
			('TXT_KEY_GW_THEFOUNTAINOFLAMNETHV',	'The Fountain of Lamneth V'),
			('TXT_KEY_GW_THEFOUNTAINOFLAMNETHVI',	'The Fountain of Lamneth VI'),
			('TXT_KEY_GW_THENECROMANCER',	'The Necromancer'),
			('TXT_KEY_GW_TOMSAWYER',	'Tom Sawyer'),
			('TXT_KEY_GW_YYZ',	'YYZ'),
				
			('TXT_KEY_GW_WINDOFCHANGE',	'Wind of Change'),
				
			('TXT_KEY_GW_BRIDGEOVERTROUBLEDWATER',	'Bridge Over Troubled Water'),
			('TXT_KEY_GW_HOMEWARDBOUND',	'Homeward Bound'),
			('TXT_KEY_GW_THESOUNDSOFSILENCE',	'The Sounds of Silence'),
				
			('TXT_KEY_GW_1979',	'1979'),
			('TXT_KEY_GW_TONIGHTTONIGHT',	'Tonight Tonight'),
				
			('TXT_KEY_GW_ASLEEP',	'Asleep'),
			('TXT_KEY_GW_HOWSOONISNOW',	'How Soon Is Now'),
			('TXT_KEY_GW_ISITREALLYSOSTRANGE',	'Is It Really So Strange'),
			('TXT_KEY_GW_THEREISALIGHTTHATNEVERGOESOUT',	'There Is A Light That Never Goes Out'),
				
			('TXT_KEY_GW_BLACKHOLESUN',	'Black Hole Sun'),
				
			('TXT_KEY_GW_STUCKINTHEMIDDLEWITHYOU',	'Stuck in The Middle With You'),
				
			('TXT_KEY_GW_SHESSOHIGH',	'She''s So High'),
				
			('TXT_KEY_GW_BOYSAREBACKINTOWN',	'Boys Are Back In Town'),
			('TXT_KEY_GW_JAILBREAK',	'Jailbreak'),
				
			('TXT_KEY_GW_FREEFALLIN',	'Free Fallin'''),
			('TXT_KEY_GW_IWONTBACKDOWN',	'I Won''t Back Down'),
				
			('TXT_KEY_GW_AFRICA',	'Africa'),
				
			('TXT_KEY_GW_BROWNEYEDGIRL',	'Brown Eyed Girl'),
				
			('TXT_KEY_GW_PINBALLWIZARD',	'Pinball Wizard'),
				
			('TXT_KEY_GW_SUMMERTIME',	'Summertime'),
			('TXT_KEY_GW_TIMEOFTHESEASON',	'Time of the Season'),
			
			('TXT_KEY_GM_AHA01',	'A-ha'),
				
			('TXT_KEY_GM_ACDC01',	'AC/DC'),
			('TXT_KEY_GM_ACDC02',	'AC/DC'),
				
			('TXT_KEY_GM_AEROSMITH01',	'Aerosmith'),
			('TXT_KEY_GM_AEROSMITH02',	'Aerosmith'),
				
			('TXT_KEY_GM_ANIMALS01',	'The Animals'),
				
			('TXT_KEY_GM_BAND01',	'The Band'),
				
			('TXT_KEY_GM_BEACHBOYS01',	'The Beach Boys'),
				
			('TXT_KEY_GM_BEATLES01',	'The Beatles'),
			('TXT_KEY_GM_BEATLES02',	'The Beatles'),
			('TXT_KEY_GM_BEATLES03',	'The Beatles'),
			('TXT_KEY_GM_BEATLES04',	'The Beatles'),
			('TXT_KEY_GM_BEATLES05',	'The Beatles'),
			('TXT_KEY_GM_BEATLES06',	'The Beatles'),
			('TXT_KEY_GM_BEATLES07',	'The Beatles'),
			('TXT_KEY_GM_BEATLES08',	'The Beatles'),
			('TXT_KEY_GM_BEATLES09',	'The Beatles'),
			('TXT_KEY_GM_BEATLES10',	'The Beatles'),
			('TXT_KEY_GM_BEATLES11',	'The Beatles'),
			('TXT_KEY_GM_BEATLES12',	'The Beatles'),
			('TXT_KEY_GM_BEATLES13',	'The Beatles'),
			('TXT_KEY_GM_BEATLES14',	'The Beatles'),
			('TXT_KEY_GM_BEATLES15',	'The Beatles'),
			('TXT_KEY_GM_BEATLES16',	'The Beatles'),
			('TXT_KEY_GM_BEATLES17',	'The Beatles'),
			('TXT_KEY_GM_BEATLES18',	'The Beatles'),
			('TXT_KEY_GM_BEATLES19',	'The Beatles'),
			('TXT_KEY_GM_BEATLES20',	'The Beatles'),
			('TXT_KEY_GM_BEATLES21',	'The Beatles'),
			('TXT_KEY_GM_BEATLES22',	'The Beatles'),
			('TXT_KEY_GM_BEATLES23',	'The Beatles'),
			('TXT_KEY_GM_BEATLES24',	'The Beatles'),
			('TXT_KEY_GM_BEATLES25',	'The Beatles'),
			('TXT_KEY_GM_BEATLES26',	'The Beatles'),
			('TXT_KEY_GM_BEATLES27',	'The Beatles'),
			('TXT_KEY_GM_BEATLES28',	'The Beatles'),
			('TXT_KEY_GM_BEATLES29',	'The Beatles'),
			('TXT_KEY_GM_BEATLES30',	'The Beatles'),
			('TXT_KEY_GM_BEATLES31',	'The Beatles'),
			('TXT_KEY_GM_BEATLES32',	'The Beatles'),
			('TXT_KEY_GM_BEATLES33',	'The Beatles'),
			('TXT_KEY_GM_BEATLES34',	'The Beatles'),
			('TXT_KEY_GM_BEATLES35',	'The Beatles'),
				
			('TXT_KEY_GM_BONJOVI01',	'Bon Jovi'),
				
			('TXT_KEY_GM_BOSTON01',	'Boston'),
			('TXT_KEY_GM_BOSTON02',	'Boston'),
				
			('TXT_KEY_GM_BUDDYHOLLY01',	'Buddy Holly'),
			('TXT_KEY_GM_BUDDYHOLLY02',	'Buddy Holly'),
			('TXT_KEY_GM_BUDDYHOLLY03',	'Buddy Holly'),
			('TXT_KEY_GM_BUDDYHOLLY04',	'Buddy Holly'),
				
			('TXT_KEY_GM_CHORDETTES01',	'The Chordettes'),
			('TXT_KEY_GM_CHORDETTES02',	'The Chordettes'),
				
			('TXT_KEY_GM_CHUBBYCHECKER01',	'Chubby Checker'),
				
			('TXT_KEY_GM_CHUCKBERRY01',	'Chuck Berry'),
				
			('TXT_KEY_GM_CCR01',	'Creedence Clearwater Revival'),
				
			('TXT_KEY_GM_DIONDIMUCCI01',	'Dion DiMucci'),
			('TXT_KEY_GM_DIONDIMUCCI02',	'Dion DiMucci'),
				
			('TXT_KEY_GM_DONMCLEAN01',	'Don McLean'),
				
			('TXT_KEY_GM_DOORS01',	'The Doors'),
				
			('TXT_KEY_GM_EAGLES01',	'The Eagles'),
				
			('TXT_KEY_GM_ELVISCOSTELLO01',	'Elvis Costello'),
			('TXT_KEY_GM_ELVISCOSTELLO02',	'Elvis Costello'),
				
			('TXT_KEY_GM_ELVIS01',	'Elvis Presley'),
			('TXT_KEY_GM_ELVIS02',	'Elvis Presley'),
			('TXT_KEY_GM_ELVIS03',	'Elvis Presley'),
			('TXT_KEY_GM_ELVIS04',	'Elvis Presley'),
				
			('TXT_KEY_GM_EUROPE01',	'Europe'),
				
			('TXT_KEY_GM_FOGHAT01',	'Foghat'),
				
			('TXT_KEY_GM_FOOFIGHTERS01',	'The Foo Fighters'),
				
			('TXT_KEY_GM_FOURSEASONS01',	'The Four Seasons'),
			('TXT_KEY_GM_FOURSEASONS02',	'The Four Seasons'),
			('TXT_KEY_GM_FOURSEASONS03',	'The Four Seasons'),
			('TXT_KEY_GM_FOURSEASONS04',	'The Four Seasons'),
				
			('TXT_KEY_GM_GEORGEHARRISON01',	'George Harrison'),
			('TXT_KEY_GM_GEORGEHARRISON02',	'George Harrison'),
			('TXT_KEY_GM_GEORGEHARRISON03',	'George Harrison'),
			('TXT_KEY_GM_GEORGEHARRISON04',	'George Harrison'),
			('TXT_KEY_GM_GEORGEHARRISON05',	'George Harrison'),
			('TXT_KEY_GM_GEORGEHARRISON06',	'George Harrison'),
			('TXT_KEY_GM_GEORGEHARRISON07',	'George Harrison'),
			('TXT_KEY_GM_GEORGEHARRISON08',	'George Harrison'),
			('TXT_KEY_GM_GEORGEHARRISON09',	'George Harrison'),
			('TXT_KEY_GM_GEORGEHARRISON10',	'George Harrison'),
				
			('TXT_KEY_GM_HALLOATES01',	'Hall and Oates'),
				
			('TXT_KEY_GM_HOLLIES01',	'The Hollies'),
				
			('TXT_KEY_GM_JEFFBUCKLEY01',	'Jeff Buckley'),
				
			('TXT_KEY_GM_HENDRIX01',	'Jimi Hendrix'),
			('TXT_KEY_GM_HENDRIX02',	'Jimi Hendrix'),
			('TXT_KEY_GM_HENDRIX03',	'Jimi Hendrix'),
			('TXT_KEY_GM_HENDRIX04',	'Jimi Hendrix'),
			('TXT_KEY_GM_HENDRIX05',	'Jimi Hendrix'),
				
			('TXT_KEY_GM_LENNON01',	'John Lennon'),
			('TXT_KEY_GM_LENNON02',	'John Lennon'),
			('TXT_KEY_GM_LENNON03',	'John Lennon'),
			('TXT_KEY_GM_LENNON04',	'John Lennon'),
				
			('TXT_KEY_GM_JOHNNYTILLOTSON01',	'Johnny Tillotson'),
				
			('TXT_KEY_GM_JOURNEY01',	'Journey'),
			('TXT_KEY_GM_JOURNEY02',	'Journey'),
				
			('TXT_KEY_GM_JOYDIVISION01',	'Joy Division'),
			('TXT_KEY_GM_JOYDIVISION02',	'Joy Division'),
				
			('TXT_KEY_GM_KANSAS01',	'Kansas'),
			('TXT_KEY_GM_KANSAS02',	'Kansas'),
				
			('TXT_KEY_GM_ZEPPELIN01',	'Led Zeppelin'),
			('TXT_KEY_GM_ZEPPELIN02',	'Led Zeppelin'),
			('TXT_KEY_GM_ZEPPELIN03',	'Led Zeppelin'),
			('TXT_KEY_GM_ZEPPELIN04',	'Led Zeppelin'),
			('TXT_KEY_GM_ZEPPELIN05',	'Led Zeppelin'),
			('TXT_KEY_GM_ZEPPELIN06',	'Led Zeppelin'),
				
			('TXT_KEY_GM_LYNYRDSKYNRYD01',	'Lynyrd Skynyrd'),
			('TXT_KEY_GM_LYNYRDSKYNRYD02',	'Lynyrd Skynyrd'),
				
			('TXT_KEY_GM_MONKEES01',	'The Monkees'),
			('TXT_KEY_GM_MONKEES02',	'The Monkees'),
				
			('TXT_KEY_GM_MUNGOJERRY01',	'Mungo Jerry'),
				
			('TXT_KEY_GM_NEILDIAMOND01',	'Neil Diamond'),
				
			('TXT_KEY_GM_NIRVANA01',	'Nirvana'),
			('TXT_KEY_GM_NIRVANA02',	'Nirvana'),
			('TXT_KEY_GM_NIRVANA03',	'Nirvana'),
			('TXT_KEY_GM_NIRVANA04',	'Nirvana'),
				
			('TXT_KEY_GM_NORMANGREENBAUM01',	'Norman Greenbaum'),
				
			('TXT_KEY_GM_OTISREDDING01',	'Otis Redding'),
				
			('TXT_KEY_GM_MCCARTNEY01',	'Paul McCartney'),
			('TXT_KEY_GM_MCCARTNEY02',	'Paul McCartney'),
			('TXT_KEY_GM_MCCARTNEY03',	'Paul McCartney'),
			('TXT_KEY_GM_MCCARTNEY04',	'Paul McCartney'),
			('TXT_KEY_GM_MCCARTNEY05',	'Paul McCartney'),
				
			('TXT_KEY_GM_PEARLJAM01',	'Pearl Jam'),
			('TXT_KEY_GM_PEARLJAM02',	'Pearl Jam'),
				
			('TXT_KEY_GM_PINKFLOYD01',	'Pink Floyd'),
			('TXT_KEY_GM_PINKFLOYD02',	'Pink Floyd'),
			('TXT_KEY_GM_PINKFLOYD03',	'Pink Floyd'),
			('TXT_KEY_GM_PINKFLOYD04',	'Pink Floyd'),
			('TXT_KEY_GM_PINKFLOYD05',	'Pink Floyd'),
			('TXT_KEY_GM_PINKFLOYD06',	'Pink Floyd'),
			('TXT_KEY_GM_PINKFLOYD07',	'Pink Floyd'),
				
			('TXT_KEY_GM_POLICE01',	'The Police'),
				
			('TXT_KEY_GM_QUEEN01',	'Queen'),
			('TXT_KEY_GM_QUEEN02',	'Queen'),
			('TXT_KEY_GM_QUEEN03',	'Queen'),
			('TXT_KEY_GM_QUEEN04',	'Queen'),
			('TXT_KEY_GM_QUEEN05',	'Queen'),
			('TXT_KEY_GM_QUEEN06',	'Queen'),
			('TXT_KEY_GM_QUEEN07',	'Queen'),
			('TXT_KEY_GM_QUEEN08',	'Queen'),
			('TXT_KEY_GM_QUEEN09',	'Queen'),
			('TXT_KEY_GM_QUEEN10',	'Queen'),
			('TXT_KEY_GM_QUEEN11',	'Queen'),
			('TXT_KEY_GM_QUEEN12',	'Queen'),
			('TXT_KEY_GM_QUEEN13',	'Queen'),
				
			('TXT_KEY_GM_RADIOHEAD01',	'Radiohead'),
				
			('TXT_KEY_GM_RITCHIEVALENS01',	'Ritchie Valens'),
			('TXT_KEY_GM_RITCHIEVALENS02',	'Ritchie Valens'),
				
			('TXT_KEY_GM_ROLLINGSTONES01',	'The Rolling Stones'),
			('TXT_KEY_GM_ROLLINGSTONES02',	'The Rolling Stones'),
			('TXT_KEY_GM_ROLLINGSTONES03',	'The Rolling Stones'),
			('TXT_KEY_GM_ROLLINGSTONES04',	'The Rolling Stones'),
			('TXT_KEY_GM_ROLLINGSTONES05',	'The Rolling Stones'),
			('TXT_KEY_GM_ROLLINGSTONES06',	'The Rolling Stones'),
				
			('TXT_KEY_GM_ROYORBISON01',	'Roy Orbison'),
				
			('TXT_KEY_GM_RUSH01',	'Rush'),
			('TXT_KEY_GM_RUSH02',	'Rush'),
			('TXT_KEY_GM_RUSH03',	'Rush'),
			('TXT_KEY_GM_RUSH04',	'Rush'),
			('TXT_KEY_GM_RUSH05',	'Rush'),
			('TXT_KEY_GM_RUSH06',	'Rush'),
			('TXT_KEY_GM_RUSH07',	'Rush'),
			('TXT_KEY_GM_RUSH08',	'Rush'),
			('TXT_KEY_GM_RUSH09',	'Rush'),
			('TXT_KEY_GM_RUSH10',	'Rush'),
			('TXT_KEY_GM_RUSH11',	'Rush'),
			('TXT_KEY_GM_RUSH12',	'Rush'),
				
			('TXT_KEY_GM_SCORPIONS01',	'The Scorpions'),
				
			('TXT_KEY_GM_SIMONGARFUNKEL01',	'Simon and Garfunkel'),
			('TXT_KEY_GM_SIMONGARFUNKEL02',	'Simon and Garfunkel'),
			('TXT_KEY_GM_SIMONGARFUNKEL03',	'Simon and Garfunkel'),
				
			('TXT_KEY_GM_SMASHINGPUMPKINS01',	'The Smashing Pumpkins'),
			('TXT_KEY_GM_SMASHINGPUMPKINS03',	'The Smashing Pumpkins'),
				
			('TXT_KEY_GM_SMITHS01',	'The Smiths'),
			('TXT_KEY_GM_SMITHS02',	'The Smiths'),
			('TXT_KEY_GM_SMITHS03',	'The Smiths'),
			('TXT_KEY_GM_SMITHS04',	'The Smiths'),
				
			('TXT_KEY_GM_SOUNDGARDEN01',	'Soundgarden'),
				
			('TXT_KEY_GM_STEALERSWHEEL01',	'Stealers Wheel'),
				
			('TXT_KEY_GM_TALBACHMAN01',	'Tal Bachman'),
				
			('TXT_KEY_GM_THINLIZZY01',	'Thin Lizzy'),
			('TXT_KEY_GM_THINLIZZY02',	'Thin Lizzy'),
				
			('TXT_KEY_GM_TOMPETTY01',	'Tom Petty'),
			('TXT_KEY_GM_TOMPETTY02',	'Tom Petty'),
				
			('TXT_KEY_GM_TOTO01',	'Toto'),
				
			('TXT_KEY_GM_VANMORRISON01',	'Van Morrison'),
				
			('TXT_KEY_GM_WHO01',	'The Who'),
				
			('TXT_KEY_GM_ZOMBIES01',	'The Zombies'),
			('TXT_KEY_GM_ZOMBIES02',	'The Zombies');