INSERT INTO IconTextureAtlases 
			(Atlas, 											IconSize, 								  Filename,   IconsPerRow,  IconsPerColumn)
VALUES		('HISTORICAL_RELIGIONS_MASTER_ATLAS', 					 256, 		'HistoricalReligionsMaster256.dds',				9, 				10),
			('HISTORICAL_RELIGIONS_MASTER_ATLAS', 					 214, 		'HistoricalReligionsMaster214.dds',				9, 				10),
			('HISTORICAL_RELIGIONS_MASTER_ATLAS', 					 128, 		'HistoricalReligionsMaster128.dds',				9, 				10),
			('HISTORICAL_RELIGIONS_MASTER_ATLAS', 					  80, 		 'HistoricalReligionsMaster80.dds',				9, 				10),
			('HISTORICAL_RELIGIONS_MASTER_ATLAS', 					  64, 		 'HistoricalReligionsMaster64.dds',				9, 				10),
			('HISTORICAL_RELIGIONS_MASTER_ATLAS', 					  48, 		 'HistoricalReligionsMaster48.dds',				9, 				10),
			('HISTORICAL_RELIGIONS_MASTER_ATLAS', 					  32, 		 'HistoricalReligionsMaster32.dds',				9, 				10),
			('HISTORICAL_RELIGIONS_MASTER_ATLAS', 					  24, 		 'HistoricalReligionsMaster24.dds',				9, 				10),
			('HISTORICAL_RELIGIONS_MASTER_ATLAS', 					  16, 		 'HistoricalReligionsMaster16.dds',				9, 				10);

INSERT INTO IconFontTextures 
			(IconFontTexture, 																      IconFontTextureFile)
VALUES		('ICON_FONT_TEXTURE_HISTORICAL_RELIGIONS_MASTER', 					 'HistoricalReligionsMasterFontIcons');

INSERT INTO IconFontMapping 
			(IconName, 																	    IconFontTexture,	 IconMapping)
VALUES		('ICON_HISTORICAL_RELIGION_MOD_CELTS',			'ICON_FONT_TEXTURE_HISTORICAL_RELIGIONS_MASTER',			   1),
			('ICON_HISTORICAL_RELIGION_MOD_ZULU',			'ICON_FONT_TEXTURE_HISTORICAL_RELIGIONS_MASTER',			   2),
			('ICON_HISTORICAL_RELIGION_MOD_NORSE',			'ICON_FONT_TEXTURE_HISTORICAL_RELIGIONS_MASTER',			   3),
			('ICON_HISTORICAL_RELIGION_MOD_GREECE',			'ICON_FONT_TEXTURE_HISTORICAL_RELIGIONS_MASTER',			   4),
			('ICON_HISTORICAL_RELIGION_MOD_CARTHAGE',		'ICON_FONT_TEXTURE_HISTORICAL_RELIGIONS_MASTER',			   5),
			('ICON_HISTORICAL_RELIGION_MOD_INUIT',			'ICON_FONT_TEXTURE_HISTORICAL_RELIGIONS_MASTER',			   6),
			('ICON_HISTORICAL_RELIGION_MOD_POLYNESIA',		'ICON_FONT_TEXTURE_HISTORICAL_RELIGIONS_MASTER',			   7),
			('ICON_HISTORICAL_RELIGION_MOD_TUPI',			'ICON_FONT_TEXTURE_HISTORICAL_RELIGIONS_MASTER',			   8),
			('ICON_HISTORICAL_RELIGION_MOD_KONGO',			'ICON_FONT_TEXTURE_HISTORICAL_RELIGIONS_MASTER',			   9),
			('ICON_HISTORICAL_RELIGION_MOD_MINOAN',			'ICON_FONT_TEXTURE_HISTORICAL_RELIGIONS_MASTER',			  10),
			('ICON_HISTORICAL_RELIGION_MOD_MANI',			'ICON_FONT_TEXTURE_HISTORICAL_RELIGIONS_MASTER',			  11),
			('ICON_HISTORICAL_RELIGION_MOD_SIOUX',			'ICON_FONT_TEXTURE_HISTORICAL_RELIGIONS_MASTER',			  12),
			('ICON_HISTORICAL_RELIGION_MOD_OJIBWE',			'ICON_FONT_TEXTURE_HISTORICAL_RELIGIONS_MASTER',			  13),
			('ICON_HISTORICAL_RELIGION_MOD_YORUBA',			'ICON_FONT_TEXTURE_HISTORICAL_RELIGIONS_MASTER',			  14),
			('ICON_HISTORICAL_RELIGION_MOD_VOODOO',			'ICON_FONT_TEXTURE_HISTORICAL_RELIGIONS_MASTER',			  15),
			('ICON_HISTORICAL_RELIGION_MOD_MISSISSIPPI',	'ICON_FONT_TEXTURE_HISTORICAL_RELIGIONS_MASTER',			  16),
			('ICON_HISTORICAL_RELIGION_MOD_IBADI',			'ICON_FONT_TEXTURE_HISTORICAL_RELIGIONS_MASTER',			  17),
			('ICON_HISTORICAL_RELIGION_MOD_COPTIC',			'ICON_FONT_TEXTURE_HISTORICAL_RELIGIONS_MASTER',			  18),
			('ICON_HISTORICAL_RELIGION_MOD_INCA',			'ICON_FONT_TEXTURE_HISTORICAL_RELIGIONS_MASTER',			  19),
			('ICON_HISTORICAL_RELIGION_MOD_AZTEC',			'ICON_FONT_TEXTURE_HISTORICAL_RELIGIONS_MASTER',			  20),
			('ICON_HISTORICAL_RELIGION_MOD_PUEBLO',			'ICON_FONT_TEXTURE_HISTORICAL_RELIGIONS_MASTER',			  21),
			('ICON_HISTORICAL_RELIGION_MOD_HITTITE',		'ICON_FONT_TEXTURE_HISTORICAL_RELIGIONS_MASTER',			  22),
			('ICON_HISTORICAL_RELIGION_MOD_SLAVIC',			'ICON_FONT_TEXTURE_HISTORICAL_RELIGIONS_MASTER',			  23),
			('ICON_HISTORICAL_RELIGION_MOD_EGYPT',			'ICON_FONT_TEXTURE_HISTORICAL_RELIGIONS_MASTER',			  24),
			('ICON_HISTORICAL_RELIGION_MOD_SUMERIA',		'ICON_FONT_TEXTURE_HISTORICAL_RELIGIONS_MASTER',			  25),
			('ICON_HISTORICAL_RELIGION_MOD_VEDIC',			'ICON_FONT_TEXTURE_HISTORICAL_RELIGIONS_MASTER',			  26),
			('ICON_HISTORICAL_RELIGION_MOD_JAIN',			'ICON_FONT_TEXTURE_HISTORICAL_RELIGIONS_MASTER',			  27),
			('ICON_HISTORICAL_RELIGION_MOD_KURDS',			'ICON_FONT_TEXTURE_HISTORICAL_RELIGIONS_MASTER',			  28),
			('ICON_HISTORICAL_RELIGION_MOD_SERER',			'ICON_FONT_TEXTURE_HISTORICAL_RELIGIONS_MASTER',			  29),
			('ICON_HISTORICAL_RELIGION_MOD_HAIDA',			'ICON_FONT_TEXTURE_HISTORICAL_RELIGIONS_MASTER',			  30),
			('ICON_HISTORICAL_RELIGION_MOD_MUISM',			'ICON_FONT_TEXTURE_HISTORICAL_RELIGIONS_MASTER',			  31),
			('ICON_HISTORICAL_RELIGION_MOD_MAASAI',			'ICON_FONT_TEXTURE_HISTORICAL_RELIGIONS_MASTER',			  32),
			('ICON_HISTORICAL_RELIGION_MOD_TAINO',			'ICON_FONT_TEXTURE_HISTORICAL_RELIGIONS_MASTER',			  33),
			('ICON_HISTORICAL_RELIGION_MOD_THRACE',			'ICON_FONT_TEXTURE_HISTORICAL_RELIGIONS_MASTER',			  34),
			('ICON_HISTORICAL_RELIGION_MOD_LUBA',			'ICON_FONT_TEXTURE_HISTORICAL_RELIGIONS_MASTER',			  35),
			('ICON_HISTORICAL_RELIGION_MOD_MALAGASY',		'ICON_FONT_TEXTURE_HISTORICAL_RELIGIONS_MASTER',			  36),
			('ICON_HISTORICAL_RELIGION_MOD_LITHUANIA',		'ICON_FONT_TEXTURE_HISTORICAL_RELIGIONS_MASTER',			  37),
			('ICON_HISTORICAL_RELIGION_MOD_MUISCA',			'ICON_FONT_TEXTURE_HISTORICAL_RELIGIONS_MASTER',			  38),
			('ICON_HISTORICAL_RELIGION_MOD_IROQUOIS',		'ICON_FONT_TEXTURE_HISTORICAL_RELIGIONS_MASTER',			  39),
			('ICON_HISTORICAL_RELIGION_MOD_SAMI',			'ICON_FONT_TEXTURE_HISTORICAL_RELIGIONS_MASTER',			  40),
			('ICON_HISTORICAL_RELIGION_MOD_SHIVA',			'ICON_FONT_TEXTURE_HISTORICAL_RELIGIONS_MASTER',			  41),
			('ICON_HISTORICAL_RELIGION_MOD_MANDAEN',		'ICON_FONT_TEXTURE_HISTORICAL_RELIGIONS_MASTER',			  42),
			('ICON_HISTORICAL_RELIGION_MOD_ANGLICAN',		'ICON_FONT_TEXTURE_HISTORICAL_RELIGIONS_MASTER',			  43),
			('ICON_HISTORICAL_RELIGION_MOD_NESTORIAN',		'ICON_FONT_TEXTURE_HISTORICAL_RELIGIONS_MASTER',			  44),
			('ICON_HISTORICAL_RELIGION_MOD_MORMON',			'ICON_FONT_TEXTURE_HISTORICAL_RELIGIONS_MASTER',			  45),
			('ICON_HISTORICAL_RELIGION_MOD_NUMENISM',		'ICON_FONT_TEXTURE_HISTORICAL_RELIGIONS_MASTER',			  46),
			('ICON_HISTORICAL_RELIGION_MOD_VISHNU',			'ICON_FONT_TEXTURE_HISTORICAL_RELIGIONS_MASTER',			  47),
			('ICON_HISTORICAL_RELIGION_MOD_SHAKTI',			'ICON_FONT_TEXTURE_HISTORICAL_RELIGIONS_MASTER',			  48),
			('ICON_HISTORICAL_RELIGION_MOD_SABAEAN',		'ICON_FONT_TEXTURE_HISTORICAL_RELIGIONS_MASTER',			  49),
			('ICON_HISTORICAL_RELIGION_MOD_MAHAYANA',		'ICON_FONT_TEXTURE_HISTORICAL_RELIGIONS_MASTER',			  50),
			('ICON_HISTORICAL_RELIGION_MOD_VAJRAYANA',		'ICON_FONT_TEXTURE_HISTORICAL_RELIGIONS_MASTER',			  51),
			('ICON_HISTORICAL_RELIGION_MOD_SHIA',			'ICON_FONT_TEXTURE_HISTORICAL_RELIGIONS_MASTER',			  52),
			('ICON_HISTORICAL_RELIGION_MOD_SHOSHONE',		'ICON_FONT_TEXTURE_HISTORICAL_RELIGIONS_MASTER',			  53),
			('ICON_HISTORICAL_RELIGION_MOD_MAPUCHE',		'ICON_FONT_TEXTURE_HISTORICAL_RELIGIONS_MASTER',			  54),
			('ICON_HISTORICAL_RELIGION_MOD_SAMAN',			'ICON_FONT_TEXTURE_HISTORICAL_RELIGIONS_MASTER',			  55),
			('ICON_HISTORICAL_RELIGION_MOD_BABYLON',		'ICON_FONT_TEXTURE_HISTORICAL_RELIGIONS_MASTER',			  56),
			('ICON_HISTORICAL_RELIGION_MOD_ASHANTI',		'ICON_FONT_TEXTURE_HISTORICAL_RELIGIONS_MASTER',			  57),
			('ICON_HISTORICAL_RELIGION_MOD_BUSHMEN',		'ICON_FONT_TEXTURE_HISTORICAL_RELIGIONS_MASTER',			  58),
			('ICON_HISTORICAL_RELIGION_MOD_SCYTHIA',		'ICON_FONT_TEXTURE_HISTORICAL_RELIGIONS_MASTER',			  59),
			('ICON_HISTORICAL_RELIGION_MOD_CALVIN',			'ICON_FONT_TEXTURE_HISTORICAL_RELIGIONS_MASTER',			  60),
			('ICON_HISTORICAL_RELIGION_MOD_ASSYRIA',		'ICON_FONT_TEXTURE_HISTORICAL_RELIGIONS_MASTER',			  61),
			('ICON_HISTORICAL_RELIGION_MOD_HARAPPA',		'ICON_FONT_TEXTURE_HISTORICAL_RELIGIONS_MASTER',			  62),
			('ICON_HISTORICAL_RELIGION_MOD_BAHAI',			'ICON_FONT_TEXTURE_HISTORICAL_RELIGIONS_MASTER',			  63),
			('ICON_HISTORICAL_RELIGION_MOD_METHODIST',		'ICON_FONT_TEXTURE_HISTORICAL_RELIGIONS_MASTER',			  64),
			('ICON_HISTORICAL_RELIGION_MOD_BAPTIST',		'ICON_FONT_TEXTURE_HISTORICAL_RELIGIONS_MASTER',			  65),
			('ICON_HISTORICAL_RELIGION_MOD_E_POLYNESIA',	'ICON_FONT_TEXTURE_HISTORICAL_RELIGIONS_MASTER',			  66),
			('ICON_HISTORICAL_RELIGION_MOD_ATENISM',	    'ICON_FONT_TEXTURE_HISTORICAL_RELIGIONS_MASTER',			  67),
			('ICON_HISTORICAL_RELIGION_MOD_SATSANA_PHI',    'ICON_FONT_TEXTURE_HISTORICAL_RELIGIONS_MASTER',			  68),
			('ICON_HISTORICAL_RELIGION_MOD_DRUZE',          'ICON_FONT_TEXTURE_HISTORICAL_RELIGIONS_MASTER',			  69),
			('ICON_HISTORICAL_RELIGION_MOD_MITHRAS',        'ICON_FONT_TEXTURE_HISTORICAL_RELIGIONS_MASTER',			  70),
			('ICON_HISTORICAL_RELIGION_MOD_ABORIGINE',      'ICON_FONT_TEXTURE_HISTORICAL_RELIGIONS_MASTER',			  71),
			('ICON_HISTORICAL_RELIGION_MOD_NEOPLATONISM',   'ICON_FONT_TEXTURE_HISTORICAL_RELIGIONS_MASTER',			  72),
			('ICON_HISTORICAL_RELIGION_MOD_IMPERIAL_CULT',  'ICON_FONT_TEXTURE_HISTORICAL_RELIGIONS_MASTER',			  73),
			('ICON_HISTORICAL_RELIGION_MOD_BERBER',         'ICON_FONT_TEXTURE_HISTORICAL_RELIGIONS_MASTER',			  74),
			('ICON_HISTORICAL_RELIGION_MOD_ELAM',           'ICON_FONT_TEXTURE_HISTORICAL_RELIGIONS_MASTER',			  75),
			('ICON_HISTORICAL_RELIGION_MOD_ARIANISM',       'ICON_FONT_TEXTURE_HISTORICAL_RELIGIONS_MASTER',			  76),
		    ('ICON_HISTORICAL_RELIGION_MOD_SANTERIA',       'ICON_FONT_TEXTURE_HISTORICAL_RELIGIONS_MASTER',			  77),
			('ICON_HISTORICAL_RELIGION_MOD_HERMETICISM',    'ICON_FONT_TEXTURE_HISTORICAL_RELIGIONS_MASTER',			  78),
			('ICON_HISTORICAL_RELIGION_MOD_MAYA',           'ICON_FONT_TEXTURE_HISTORICAL_RELIGIONS_MASTER',			  79),
			('ICON_HISTORICAL_RELIGION_MOD_ODINANI',        'ICON_FONT_TEXTURE_HISTORICAL_RELIGIONS_MASTER',			  80),
			('ICON_HISTORICAL_RELIGION_MOD_QUECHUA',        'ICON_FONT_TEXTURE_HISTORICAL_RELIGIONS_MASTER',			  81),
			('ICON_HISTORICAL_RELIGION_MOD_BOGOMILISM',     'ICON_FONT_TEXTURE_HISTORICAL_RELIGIONS_MASTER',			  82),
			('ICON_HISTORICAL_RELIGION_MOD_CATHARISM',      'ICON_FONT_TEXTURE_HISTORICAL_RELIGIONS_MASTER',			  83),
			('ICON_HISTORICAL_RELIGION_MOD_HUSSITISM',      'ICON_FONT_TEXTURE_HISTORICAL_RELIGIONS_MASTER',			  84),
			('ICON_HISTORICAL_RELIGION_MOD_MUTAZILA',       'ICON_FONT_TEXTURE_HISTORICAL_RELIGIONS_MASTER',			  85),
			('ICON_HISTORICAL_RELIGION_MOD_MAHOMA',         'ICON_FONT_TEXTURE_HISTORICAL_RELIGIONS_MASTER',			  86),
			('ICON_HISTORICAL_RELIGION_MOD_AHMADI',         'ICON_FONT_TEXTURE_HISTORICAL_RELIGIONS_MASTER',			  87),
			('ICON_HISTORICAL_RELIGION_MOD_BIRD_FIGURE',    'ICON_FONT_TEXTURE_HISTORICAL_RELIGIONS_MASTER',			  88),
			('ICON_HISTORICAL_RELIGION_MOD_MYSTERIES',      'ICON_FONT_TEXTURE_HISTORICAL_RELIGIONS_MASTER',			  89),
			('ICON_HISTORICAL_RELIGION_MOD_TEST',			'ICON_FONT_TEXTURE_HISTORICAL_RELIGIONS_MASTER',			  90);

INSERT INTO IconTextureAtlases 
			(Atlas, 									   IconSize, 			  Filename,   IconsPerRow, IconsPerColumn)
VALUES		('HISTORICAL_RELIGIONS_TEMP_ATLAS', 				256,      'HRCTemp256.dds',				6, 				1),
			('HISTORICAL_RELIGIONS_TEMP_ATLAS', 				214, 	  'HRCTemp214.dds',				6, 				1),
			('HISTORICAL_RELIGIONS_TEMP_ATLAS', 			    128, 	  'HRCTemp128.dds',				6, 				1),
			('HISTORICAL_RELIGIONS_TEMP_ATLAS', 			     80, 	   'HRCTemp80.dds',				6, 				1),
			('HISTORICAL_RELIGIONS_TEMP_ATLAS', 				 64, 	   'HRCTemp64.dds',				6, 				1),
			('HISTORICAL_RELIGIONS_TEMP_ATLAS', 				 48, 	   'HRCTemp48.dds',				6, 				1),
			('HISTORICAL_RELIGIONS_TEMP_ATLAS', 				 32, 	   'HRCTemp32.dds',				6, 				1),
			('HISTORICAL_RELIGIONS_TEMP_ATLAS', 				 24, 	   'HRCTemp24.dds',				6, 				1),
			('HISTORICAL_RELIGIONS_TEMP_ATLAS', 				 16, 	   'HRCTemp16.dds',				6, 				1);

INSERT INTO IconFontTextures 
			(IconFontTexture, 											           IconFontTextureFile)
VALUES		('ICON_FONT_TEXTURE_HISTORICAL_RELIGIONS_TEMP', 			            'HRCTempFontIcons');

INSERT INTO IconFontMapping 
			(IconName, 																		  IconFontTexture,	 IconMapping)
VALUES		('ICON_HISTORICAL_RELIGIONS_TEMP_SUMER',			'ICON_FONT_TEXTURE_HISTORICAL_RELIGIONS_TEMP',			   1),
			('ICON_HISTORICAL_RELIGIONS_TEMP_RAPA_NUI',			'ICON_FONT_TEXTURE_HISTORICAL_RELIGIONS_TEMP',			   2),
			('ICON_HISTORICAL_RELIGIONS_TEMP_ZIMBABWE',	        'ICON_FONT_TEXTURE_HISTORICAL_RELIGIONS_TEMP',			   3),
			('ICON_HISTORICAL_RELIGIONS_TEMP_ANITO',	        'ICON_FONT_TEXTURE_HISTORICAL_RELIGIONS_TEMP',			   4),
			('ICON_HISTORICAL_RELIGIONS_TEMP_MALAGAN',	        'ICON_FONT_TEXTURE_HISTORICAL_RELIGIONS_TEMP',			   5),
			('ICON_HISTORICAL_RELIGIONS_TEMP_POHNPEI',	        'ICON_FONT_TEXTURE_HISTORICAL_RELIGIONS_TEMP',			   6);